,Dataset,State,Path
0,test,no,30 no.jpg
1,test,no,no1355.jpg
2,test,no,no1341.jpg
3,test,no,22 no.jpg
4,test,no,41 no.jpg
5,test,no,14 no.jpg
6,test,no,no 10.jpg
7,test,no,no1340.jpg
8,test,no,no1354.jpg
9,test,no,18 no.jpg
10,test,no,no1342.jpg
11,test,no,no1356.jpg
12,test,no,no 8.jpg
13,test,no,no1357.jpg
14,test,no,no1343.jpg
15,test,no,no.jpg
16,test,no,no1347.jpg
17,test,no,no1353.jpg
18,test,no,3 no.jpg
19,test,no,no1352.jpg
20,test,no,no1346.jpg
21,test,no,43 no.jpg
22,test,no,20 no.jpg
23,test,no,no1350.jpg
24,test,no,no1344.jpg
25,test,no,32 no.jpg
26,test,no,no1345.jpg
27,test,no,no1351.jpg
28,test,no,no1336.jpg
29,test,no,no1322.jpg
30,test,no,N15.jpg
31,test,no,no 99.jpg
32,test,no,no 98.jpg
33,test,no,no1323.jpg
34,test,no,no1337.jpg
35,test,no,7 no.jpg
36,test,no,no1321.jpg
37,test,no,no1335.jpg
38,test,no,no1309.jpg
39,test,no,12 no.jpg
40,test,no,44no.jpg
41,test,no,N16.jpg
42,test,no,N17.jpg
43,test,no,28 no.jpg
44,test,no,36 no.jpg
45,test,no,47 no.jpg
46,test,no,no1308.jpg
47,test,no,no1334.jpg
48,test,no,no1320.jpg
49,test,no,24 no.jpg
50,test,no,no1318.jpg
51,test,no,no1324.jpg
52,test,no,no1330.jpg
53,test,no,10 no.jpg
54,test,no,26 no.jpg
55,test,no,45 no.jpg
56,test,no,no 923.jpg
57,test,no,38 no.jpg
58,test,no,49 no.jpg
59,test,no,no1331.jpg
60,test,no,no1325.jpg
61,test,no,34 no.jpg
62,test,no,no1319.jpg
63,test,no,no 100.jpg
64,test,no,no1333.jpg
65,test,no,no1327.jpg
66,test,no,5 no.jpg
67,test,no,N11.jpg
68,test,no,no 89.jpg
69,test,no,no1326.jpg
70,test,no,no1332.jpg
71,test,no,9 no.jpg
72,test,no,no1317.jpg
73,test,no,no1303.jpg
74,test,no,no 90.jpg
75,test,no,N21.jpg
76,test,no,no1302.jpg
77,test,no,no1316.jpg
78,test,no,no1300.jpg
79,test,no,no1314.jpg
80,test,no,no1328.jpg
81,test,no,15 no.jpg
82,test,no,19 no.jpg
83,test,no,no 92.jpg
84,test,no,31 no.jpg
85,test,no,40 no.jpg
86,test,no,no1329.jpg
87,test,no,no1315.jpg
88,test,no,no1301.jpg
89,test,no,23 no.jpg
90,test,no,no1339.jpg
91,test,no,no1305.jpg
92,test,no,no1311.jpg
93,test,no,17 no.jpg
94,test,no,no 96.jpg
95,test,no,no 97.jpg
96,test,no,21 no.jpg
97,test,no,42 no.jpg
98,test,no,no1310.jpg
99,test,no,33 no.jpg
100,test,no,no1304.jpg
101,test,no,no1338.jpg
102,test,no,50 no.jpg
103,test,no,no1312.jpg
104,test,no,no1306.jpg
105,test,no,no 95.jpg
106,test,no,no 94.jpg
107,test,no,no1307.jpg
108,test,no,no1313.jpg
109,test,no,37 no.jpg
110,test,no,N6.jpg
111,test,no,no1360.jpg
112,test,no,29 no.jpg
113,test,no,no1348.jpg
114,test,no,25 no.jpg
115,test,no,no 3.jpg
116,test,no,46 no.jpg
117,test,no,no 2.jpg
118,test,no,13 no.jpg
119,test,no,no1349.jpg
120,test,no,no1361.jpg
121,test,no,N5.jpg
122,test,no,no1363.jpg
123,test,no,6 no.jpg
124,test,no,no 1.jpg
125,test,no,no1362.jpg
126,test,no,4 no.jpg
127,test,no,8 no.jpg
128,test,no,no 4.jpg
129,test,no,39 no.jpg
130,test,no,N3.jpg
131,test,no,no1359.jpg
132,test,no,27 no.jpg
133,test,no,35 no.jpg
134,test,no,no 6.jpg
135,test,no,no1358.jpg
136,test,no,11 no.jpg
137,test,yes,Y6.jpg
138,test,yes,Y194.jpg
139,test,yes,Y180.jpg
140,test,yes,Y90.jpg
141,test,yes,Y53.jpg
142,test,yes,Y52.jpg
143,test,yes,Y46.jpg
144,test,yes,Y91.jpg
145,test,yes,Y181.jpg
146,test,yes,Y7.jpg
147,test,yes,Y168.jpg
148,test,yes,Y154.jpg
149,test,yes,Y183.jpg
150,test,yes,y197.jpg
151,test,yes,Y78.jpg
152,test,yes,Y51.jpg
153,test,yes,Y79.jpg
154,test,yes,Y92.jpg
155,test,yes,y196.jpg
156,test,yes,Y4.jpg
157,test,yes,Y169.jpg
158,test,yes,y179.jpg
159,test,yes,Y186.jpg
160,test,yes,Y96.jpg
161,test,yes,Y82.jpg
162,test,yes,Y55.jpg
163,test,yes,Y41.jpg
164,test,yes,Y69.jpg
165,test,yes,Y54.jpg
166,test,yes,Y187.jpg
167,test,yes,y178.jpg
168,test,yes,Y1.jpg
169,test,yes,Y3.jpg
170,test,yes,y191.jpg
171,test,yes,Y185.jpg
172,test,yes,Y81.jpg
173,test,yes,Y95.jpg
174,test,yes,Y42.jpg
175,test,yes,Y56.jpg
176,test,yes,y190.jpg
177,test,yes,Y2.jpg
178,test,yes,Y153.jpg
179,test,yes,Y108.jpg
180,test,yes,Y24.jpg
181,test,yes,Y30.jpg
182,test,yes,Y31.jpg
183,test,yes,Y25.jpg
184,test,yes,Y33.jpg
185,test,yes,Y27.jpg
186,test,yes,Y26.jpg
187,test,yes,Y32.jpg
188,test,yes,Y22.jpg
189,test,yes,Y37.jpg
190,test,yes,Y21.jpg
191,test,yes,Y35.jpg
192,test,yes,Y34.jpg
193,test,yes,Y20.jpg
194,test,yes,Y101.jpg
195,test,yes,Y39.jpg
196,test,yes,Y11.jpg
197,test,yes,Y10.jpg
198,test,yes,Y38.jpg
199,test,yes,Y102.jpg
200,test,yes,Y12.jpg
201,test,yes,Y13.jpg
202,test,yes,Y103.jpg
203,test,yes,Y107.jpg
204,test,yes,Y17.jpg
205,test,yes,Y106.jpg
206,test,yes,Y104.jpg
207,test,yes,Y14.jpg
208,test,yes,Y28.jpg
209,test,yes,Y29.jpg
210,test,yes,Y15.jpg
211,test,yes,Y105.jpg
212,test,yes,Y162.jpg
213,test,yes,y189.jpg
214,test,yes,y200.jpg
215,test,yes,Y73.jpg
216,test,yes,y201.jpg
217,test,yes,Y188.jpg
218,test,yes,y177.jpg
219,test,yes,Y70.jpg
220,test,yes,y202.jpg
221,test,yes,Y9.jpg
222,test,yes,Y74.jpg
223,test,yes,Y60.jpg
224,test,yes,Y61.jpg
225,test,yes,Y8.jpg
226,test,yes,y198.jpg
227,test,yes,Y77.jpg
228,test,yes,Y76.jpg
229,test,yes,Y62.jpg
230,test,yes,y199.jpg
231,train,no,no132.jpg
232,train,no,no654.jpg
233,train,no,no640.jpg
234,train,no,no898.jpg
235,train,no,no126.jpg
236,train,no,no668.jpg
237,train,no,no697.jpg
238,train,no,no683.jpg
239,train,no,no873.jpg
240,train,no,no867.jpg
241,train,no,no456.jpg
242,train,no,no330.jpg
243,train,no,no324.jpg
244,train,no,no442.jpg
245,train,no,no318.jpg
246,train,no,no495.jpg
247,train,no,no481.jpg
248,train,no,no522.jpg
249,train,no,no244.jpg
250,train,no,no250.jpg
251,train,no,no536.jpg
252,train,no,no67.jpg
253,train,no,no278.jpg
254,train,no,no1459 17.03.15.jpg
255,train,no,no73.jpg
256,train,no,no98.jpg
257,train,no,no287.jpg
258,train,no,no293.jpg
259,train,no,no1485 17.03.16.jpg
260,train,no,no720.jpg
261,train,no,no734.jpg
262,train,no,no708.jpg
263,train,no,no1482 17.03.16.jpg
264,train,no,no907.jpg
265,train,no,no913.jpg
266,train,no,no912.jpg
267,train,no,no906.jpg
268,train,no,no709.jpg
269,train,no,no735.jpg
270,train,no,no721.jpg
271,train,no,no292.jpg
272,train,no,no99.jpg
273,train,no,no286.jpg
274,train,no,no72.jpg
275,train,no,no66.jpg
276,train,no,no279.jpg
277,train,no,no251.jpg
278,train,no,no537.jpg
279,train,no,no523.jpg
280,train,no,no245.jpg
281,train,no,no1468 17.03.16.jpg
282,train,no,no480.jpg
283,train,no,no494.jpg
284,train,no,no319.jpg
285,train,no,no325.jpg
286,train,no,no443.jpg
287,train,no,no457.jpg
288,train,no,no331.jpg
289,train,no,no1490 17.03.16.jpg
290,train,no,no866.jpg
291,train,no,no872.jpg
292,train,no,no682.jpg
293,train,no,no696.jpg
294,train,no,no669.jpg
295,train,no,no899.jpg
296,train,no,no641.jpg
297,train,no,no127.jpg
298,train,no,no133.jpg
299,train,no,no655.jpg
300,train,no,no125.jpg
301,train,no,no643.jpg
302,train,no,no657.jpg
303,train,no,no131.jpg
304,train,no,no119.jpg
305,train,no,no858.jpg
306,train,no,no680.jpg
307,train,no,no694.jpg
308,train,no,no864.jpg
309,train,no,no870.jpg
310,train,no,no441.jpg
311,train,no,no327.jpg
312,train,no,no333.jpg
313,train,no,no455.jpg
314,train,no,no469.jpg
315,train,no,no482.jpg
316,train,no,no496.jpg
317,train,no,no535.jpg
318,train,no,no253.jpg
319,train,no,no247.jpg
320,train,no,no521.jpg
321,train,no,no58.jpg
322,train,no,no509.jpg
323,train,no,no70.jpg
324,train,no,no64.jpg
325,train,no,no290.jpg
326,train,no,no284.jpg
327,train,no,no737.jpg
328,train,no,no723.jpg
329,train,no,no9.jpg
330,train,no,no938.jpg
331,train,no,no910.jpg
332,train,no,no904.jpg
333,train,no,no905.jpg
334,train,no,no911.jpg
335,train,no,no939.jpg
336,train,no,no8.jpg
337,train,no,no722.jpg
338,train,no,no736.jpg
339,train,no,no285.jpg
340,train,no,no291.jpg
341,train,no,no65.jpg
342,train,no,no71.jpg
343,train,no,no508.jpg
344,train,no,no246.jpg
345,train,no,no59.jpg
346,train,no,no520.jpg
347,train,no,no534.jpg
348,train,no,no252.jpg
349,train,no,no497.jpg
350,train,no,no483.jpg
351,train,no,no468.jpg
352,train,no,no332.jpg
353,train,no,no454.jpg
354,train,no,no440.jpg
355,train,no,no326.jpg
356,train,no,no871.jpg
357,train,no,no865.jpg
358,train,no,no695.jpg
359,train,no,no681.jpg
360,train,no,no859.jpg
361,train,no,no118.jpg
362,train,no,no656.jpg
363,train,no,no130.jpg
364,train,no,no124.jpg
365,train,no,no642.jpg
366,train,no,no108.jpg
367,train,no,no646.jpg
368,train,no,no120.jpg
369,train,no,no134.jpg
370,train,no,no652.jpg
371,train,no,no861.jpg
372,train,no,no875.jpg
373,train,no,no685.jpg
374,train,no,no849.jpg
375,train,no,no691.jpg
376,train,no,no478.jpg
377,train,no,no322.jpg
378,train,no,no444.jpg
379,train,no,no450.jpg
380,train,no,no336.jpg
381,train,no,no487.jpg
382,train,no,no493.jpg
383,train,no,no75.jpg
384,train,no,no518.jpg
385,train,no,no61.jpg
386,train,no,no256.jpg
387,train,no,no530.jpg
388,train,no,no49.jpg
389,train,no,no524.jpg
390,train,no,no242.jpg
391,train,no,no295.jpg
392,train,no,no281.jpg
393,train,no,no732.jpg
394,train,no,no726.jpg
395,train,no,no915.jpg
396,train,no,no1469 17.03.16.jpg
397,train,no,no901.jpg
398,train,no,no929.jpg
399,train,no,no928.jpg
400,train,no,no900.jpg
401,train,no,no914.jpg
402,train,no,no727.jpg
403,train,no,no733.jpg
404,train,no,no280.jpg
405,train,no,no294.jpg
406,train,no,no1491 17.03.17.jpg
407,train,no,no525.jpg
408,train,no,no243.jpg
409,train,no,no257.jpg
410,train,no,no48.jpg
411,train,no,no531.jpg
412,train,no,no60.jpg
413,train,no,no519.jpg
414,train,no,no74.jpg
415,train,no,no492.jpg
416,train,no,no486.jpg
417,train,no,no1483 17.03.16.jpg
418,train,no,no451.jpg
419,train,no,no337.jpg
420,train,no,no323.jpg
421,train,no,no445.jpg
422,train,no,no479.jpg
423,train,no,no690.jpg
424,train,no,no848.jpg
425,train,no,no684.jpg
426,train,no,no874.jpg
427,train,no,no860.jpg
428,train,no,no1484 17.03.16.jpg
429,train,no,no135.jpg
430,train,no,no653.jpg
431,train,no,no647.jpg
432,train,no,no121.jpg
433,train,no,no109.jpg
434,train,no,no1458 17.03.15.jpg
435,train,no,no679.jpg
436,train,no,no651.jpg
437,train,no,no889.jpg
438,train,no,no137.jpg
439,train,no,no123.jpg
440,train,no,no645.jpg
441,train,no,no876.jpg
442,train,no,no862.jpg
443,train,no,no692.jpg
444,train,no,no686.jpg
445,train,no,no309.jpg
446,train,no,no335.jpg
447,train,no,no453.jpg
448,train,no,no447.jpg
449,train,no,no321.jpg
450,train,no,no490.jpg
451,train,no,no484.jpg
452,train,no,no62.jpg
453,train,no,no76.jpg
454,train,no,no269.jpg
455,train,no,no241.jpg
456,train,no,no527.jpg
457,train,no,no533.jpg
458,train,no,no255.jpg
459,train,no,no282.jpg
460,train,no,no89.jpg
461,train,no,no296.jpg
462,train,no,no719.jpg
463,train,no,no725.jpg
464,train,no,no731.jpg
465,train,no,no902.jpg
466,train,no,no916.jpg
467,train,no,no917.jpg
468,train,no,no903.jpg
469,train,no,no730.jpg
470,train,no,no724.jpg
471,train,no,no718.jpg
472,train,no,no88.jpg
473,train,no,no297.jpg
474,train,no,no283.jpg
475,train,no,no532.jpg
476,train,no,no254.jpg
477,train,no,no240.jpg
478,train,no,no526.jpg
479,train,no,no77.jpg
480,train,no,no268.jpg
481,train,no,no63.jpg
482,train,no,no485.jpg
483,train,no,no491.jpg
484,train,no,no446.jpg
485,train,no,no320.jpg
486,train,no,no334.jpg
487,train,no,no452.jpg
488,train,no,no308.jpg
489,train,no,no687.jpg
490,train,no,no693.jpg
491,train,no,no863.jpg
492,train,no,no877.jpg
493,train,no,no122.jpg
494,train,no,no644.jpg
495,train,no,no888.jpg
496,train,no,no650.jpg
497,train,no,no136.jpg
498,train,no,no678.jpg
499,train,no,no637.jpg
500,train,no,no151.jpg
501,train,no,no145.jpg
502,train,no,no623.jpg
503,train,no,no179.jpg
504,train,no,no192.jpg
505,train,no,no186.jpg
506,train,no,no838.jpg
507,train,no,no810.jpg
508,train,no,no804.jpg
509,train,no,no353.jpg
510,train,no,no435.jpg
511,train,no,no421.jpg
512,train,no,no347.jpg
513,train,no,no409.jpg
514,train,no,no390.jpg
515,train,no,no384.jpg
516,train,no,no227.jpg
517,train,no,no541.jpg
518,train,no,no38.jpg
519,train,no,no555.jpg
520,train,no,no233.jpg
521,train,no,no569.jpg
522,train,no,no10.jpg
523,train,no,no1281.jpg
524,train,no,no582.jpg
525,train,no,no596.jpg
526,train,no,no1295.jpg
527,train,no,no743.jpg
528,train,no,no757.jpg
529,train,no,no780.jpg
530,train,no,no958.jpg
531,train,no,no794.jpg
532,train,no,no964.jpg
533,train,no,no965.jpg
534,train,no,no795.jpg
535,train,no,no959.jpg
536,train,no,no781.jpg
537,train,no,no756.jpg
538,train,no,no742.jpg
539,train,no,no597.jpg
540,train,no,no1294.jpg
541,train,no,no1280.jpg
542,train,no,no583.jpg
543,train,no,no11.jpg
544,train,no,no568.jpg
545,train,no,no554.jpg
546,train,no,no232.jpg
547,train,no,no226.jpg
548,train,no,no39.jpg
549,train,no,no540.jpg
550,train,no,no385.jpg
551,train,no,no391.jpg
552,train,no,no1463 17.03.15.jpg
553,train,no,no408.jpg
554,train,no,no420.jpg
555,train,no,no346.jpg
556,train,no,no352.jpg
557,train,no,no434.jpg
558,train,no,no805.jpg
559,train,no,no811.jpg
560,train,no,no187.jpg
561,train,no,no839.jpg
562,train,no,no1464 17.03.15.jpg
563,train,no,no193.jpg
564,train,no,no178.jpg
565,train,no,no144.jpg
566,train,no,no622.jpg
567,train,no,no636.jpg
568,train,no,no150.jpg
569,train,no,no620.jpg
570,train,no,no146.jpg
571,train,no,no152.jpg
572,train,no,no634.jpg
573,train,no,no608.jpg
574,train,no,no185.jpg
575,train,no,no191.jpg
576,train,no,no807.jpg
577,train,no,no813.jpg
578,train,no,no344.jpg
579,train,no,no422.jpg
580,train,no,no436.jpg
581,train,no,no350.jpg
582,train,no,no378.jpg
583,train,no,no387.jpg
584,train,no,no393.jpg
585,train,no,no230.jpg
586,train,no,no1452 17.03.15.jpg
587,train,no,no556.jpg
588,train,no,no542.jpg
589,train,no,no224.jpg
590,train,no,no1269.jpg
591,train,no,No13.jpg
592,train,no,no218.jpg
593,train,no,no1296.jpg
594,train,no,no1471 17.03.16.jpg
595,train,no,no595.jpg
596,train,no,no581.jpg
597,train,no,no1282.jpg
598,train,no,no1455 17.03.15.jpg
599,train,no,no754.jpg
600,train,no,no740.jpg
601,train,no,no768.jpg
602,train,no,no1476 17.03.16.jpg
603,train,no,no797.jpg
604,train,no,no1489 17.03.16.jpg
605,train,no,no783.jpg
606,train,no,no782.jpg
607,train,no,no796.jpg
608,train,no,no769.jpg
609,train,no,no741.jpg
610,train,no,no755.jpg
611,train,no,no580.jpg
612,train,no,no1283.jpg
613,train,no,no1297.jpg
614,train,no,no594.jpg
615,train,no,no219.jpg
616,train,no,no1268.jpg
617,train,no,No12.jpg
618,train,no,no543.jpg
619,train,no,no225.jpg
620,train,no,no231.jpg
621,train,no,no557.jpg
622,train,no,no392.jpg
623,train,no,no386.jpg
624,train,no,no379.jpg
625,train,no,no437.jpg
626,train,no,no351.jpg
627,train,no,no345.jpg
628,train,no,no423.jpg
629,train,no,no812.jpg
630,train,no,no806.jpg
631,train,no,no190.jpg
632,train,no,no184.jpg
633,train,no,no609.jpg
634,train,no,no153.jpg
635,train,no,no1447 17.03.15.jpg
636,train,no,no635.jpg
637,train,no,no621.jpg
638,train,no,no147.jpg
639,train,no,no619.jpg
640,train,no,no143.jpg
641,train,no,no625.jpg
642,train,no,no631.jpg
643,train,no,no157.jpg
644,train,no,no802.jpg
645,train,no,no816.jpg
646,train,no,no180.jpg
647,train,no,no194.jpg
648,train,no,no369.jpg
649,train,no,no427.jpg
650,train,no,no341.jpg
651,train,no,no355.jpg
652,train,no,no433.jpg
653,train,no,no382.jpg
654,train,no,no396.jpg
655,train,no,no16.jpg
656,train,no,no209.jpg
657,train,no,no1278.jpg
658,train,no,no553.jpg
659,train,no,no235.jpg
660,train,no,no221.jpg
661,train,no,no547.jpg
662,train,no,no590.jpg
663,train,no,no1293.jpg
664,train,no,no1287.jpg
665,train,no,no584.jpg
666,train,no,no779.jpg
667,train,no,no751.jpg
668,train,no,no745.jpg
669,train,no,no962.jpg
670,train,no,no1462 17.03.15.jpg
671,train,no,no792.jpg
672,train,no,no786.jpg
673,train,no,no787.jpg
674,train,no,no793.jpg
675,train,no,no963.jpg
676,train,no,no744.jpg
677,train,no,no750.jpg
678,train,no,no778.jpg
679,train,no,no1286.jpg
680,train,no,no585.jpg
681,train,no,no591.jpg
682,train,no,no1292.jpg
683,train,no,no220.jpg
684,train,no,no546.jpg
685,train,no,no552.jpg
686,train,no,no234.jpg
687,train,no,no1279.jpg
688,train,no,No17.jpg
689,train,no,no208.jpg
690,train,no,no397.jpg
691,train,no,no383.jpg
692,train,no,no354.jpg
693,train,no,no432.jpg
694,train,no,no426.jpg
695,train,no,no340.jpg
696,train,no,no368.jpg
697,train,no,no195.jpg
698,train,no,no181.jpg
699,train,no,no817.jpg
700,train,no,no803.jpg
701,train,no,no630.jpg
702,train,no,no156.jpg
703,train,no,no142.jpg
704,train,no,no624.jpg
705,train,no,no618.jpg
706,train,no,no168.jpg
707,train,no,no154.jpg
708,train,no,no632.jpg
709,train,no,no626.jpg
710,train,no,no140.jpg
711,train,no,no815.jpg
712,train,no,no801.jpg
713,train,no,no197.jpg
714,train,no,no829.jpg
715,train,no,no183.jpg
716,train,no,no418.jpg
717,train,no,no430.jpg
718,train,no,no356.jpg
719,train,no,no342.jpg
720,train,no,no424.jpg
721,train,no,no395.jpg
722,train,no,no381.jpg
723,train,no,no578.jpg
724,train,no,No15.jpg
725,train,no,no544.jpg
726,train,no,no222.jpg
727,train,no,no236.jpg
728,train,no,no1446 17.03.15.jpg
729,train,no,no550.jpg
730,train,no,no29.jpg
731,train,no,no587.jpg
732,train,no,no1284.jpg
733,train,no,no1290.jpg
734,train,no,no1465 17.03.16.jpg
735,train,no,no593.jpg
736,train,no,no746.jpg
737,train,no,no752.jpg
738,train,no,no961.jpg
739,train,no,no785.jpg
740,train,no,no791.jpg
741,train,no,no949.jpg
742,train,no,no948.jpg
743,train,no,no790.jpg
744,train,no,no784.jpg
745,train,no,no960.jpg
746,train,no,no753.jpg
747,train,no,no747.jpg
748,train,no,no1291.jpg
749,train,no,no592.jpg
750,train,no,no586.jpg
751,train,no,no1285.jpg
752,train,no,no237.jpg
753,train,no,no28.jpg
754,train,no,no551.jpg
755,train,no,no545.jpg
756,train,no,no223.jpg
757,train,no,No14.jpg
758,train,no,no579.jpg
759,train,no,no380.jpg
760,train,no,no1488 17.03.16.jpg
761,train,no,no394.jpg
762,train,no,no1477 17.03.16.jpg
763,train,no,no343.jpg
764,train,no,no425.jpg
765,train,no,no431.jpg
766,train,no,no357.jpg
767,train,no,no1454 17.03.15.jpg
768,train,no,no419.jpg
769,train,no,no182.jpg
770,train,no,no196.jpg
771,train,no,no1470 17.03.16.jpg
772,train,no,no828.jpg
773,train,no,no800.jpg
774,train,no,no814.jpg
775,train,no,no627.jpg
776,train,no,no141.jpg
777,train,no,no155.jpg
778,train,no,no1453 17.03.15.jpg
779,train,no,no633.jpg
780,train,no,no169.jpg
781,train,no,no616.jpg
782,train,no,no170.jpg
783,train,no,no164.jpg
784,train,no,no602.jpg
785,train,no,no1460 17.03.15.jpg
786,train,no,no158.jpg
787,train,no,no819.jpg
788,train,no,no831.jpg
789,train,no,no825.jpg
790,train,no,no372.jpg
791,train,no,no414.jpg
792,train,no,no400.jpg
793,train,no,no366.jpg
794,train,no,no428.jpg
795,train,no,no399.jpg
796,train,no,no206.jpg
797,train,no,no560.jpg
798,train,no,No19.jpg
799,train,no,no574.jpg
800,train,no,no1277.jpg
801,train,no,no212.jpg
802,train,no,no25.jpg
803,train,no,no548.jpg
804,train,no,no31.jpg
805,train,no,no1288.jpg
806,train,no,no762.jpg
807,train,no,no776.jpg
808,train,no,no945.jpg
809,train,no,no789.jpg
810,train,no,no951.jpg
811,train,no,no950.jpg
812,train,no,no788.jpg
813,train,no,no944.jpg
814,train,no,no777.jpg
815,train,no,no763.jpg
816,train,no,no1289.jpg
817,train,no,no30.jpg
818,train,no,no549.jpg
819,train,no,no24.jpg
820,train,no,no575.jpg
821,train,no,no213.jpg
822,train,no,no1276.jpg
823,train,no,no207.jpg
824,train,no,No18.jpg
825,train,no,no561.jpg
826,train,no,no398.jpg
827,train,no,no429.jpg
828,train,no,no401.jpg
829,train,no,no367.jpg
830,train,no,no373.jpg
831,train,no,no415.jpg
832,train,no,no824.jpg
833,train,no,no830.jpg
834,train,no,no818.jpg
835,train,no,no159.jpg
836,train,no,no165.jpg
837,train,no,no603.jpg
838,train,no,no617.jpg
839,train,no,no171.jpg
840,train,no,no601.jpg
841,train,no,no167.jpg
842,train,no,no173.jpg
843,train,no,no615.jpg
844,train,no,no629.jpg
845,train,no,no826.jpg
846,train,no,no198.jpg
847,train,no,no832.jpg
848,train,no,no365.jpg
849,train,no,no403.jpg
850,train,no,no417.jpg
851,train,no,no371.jpg
852,train,no,no359.jpg
853,train,no,no1467 17.03.16.jpg
854,train,no,no1444 17.03.15.jpg
855,train,no,no1274.jpg
856,train,no,no211.jpg
857,train,no,no577.jpg
858,train,no,no563.jpg
859,train,no,no205.jpg
860,train,no,no32.jpg
861,train,no,no26.jpg
862,train,no,no239.jpg
863,train,no,no588.jpg
864,train,no,no775.jpg
865,train,no,no761.jpg
866,train,no,no749.jpg
867,train,no,no952.jpg
868,train,no,no946.jpg
869,train,no,no947.jpg
870,train,no,no953.jpg
871,train,no,no1451 17.03.15.jpg
872,train,no,no748.jpg
873,train,no,no1472 17.03.16.jpg
874,train,no,no760.jpg
875,train,no,no774.jpg
876,train,no,no1456 17.03.15.jpg
877,train,no,no589.jpg
878,train,no,no27.jpg
879,train,no,no238.jpg
880,train,no,no1475 17.03.16.jpg
881,train,no,no33.jpg
882,train,no,no562.jpg
883,train,no,no204.jpg
884,train,no,no210.jpg
885,train,no,no1275.jpg
886,train,no,no576.jpg
887,train,no,no358.jpg
888,train,no,no416.jpg
889,train,no,no370.jpg
890,train,no,no364.jpg
891,train,no,no402.jpg
892,train,no,no833.jpg
893,train,no,no827.jpg
894,train,no,no199.jpg
895,train,no,no628.jpg
896,train,no,no172.jpg
897,train,no,no614.jpg
898,train,no,no600.jpg
899,train,no,no166.jpg
900,train,no,no638.jpg
901,train,no,no162.jpg
902,train,no,no604.jpg
903,train,no,no610.jpg
904,train,no,no176.jpg
905,train,no,no823.jpg
906,train,no,no837.jpg
907,train,no,no189.jpg
908,train,no,no348.jpg
909,train,no,no406.jpg
910,train,no,no360.jpg
911,train,no,no374.jpg
912,train,no,no412.jpg
913,train,no,no37.jpg
914,train,no,no228.jpg
915,train,no,no23.jpg
916,train,no,no572.jpg
917,train,no,no1271.jpg
918,train,no,no214.jpg
919,train,no,no200.jpg
920,train,no,no566.jpg
921,train,no,no599.jpg
922,train,no,no758.jpg
923,train,no,no770.jpg
924,train,no,no764.jpg
925,train,no,no957.jpg
926,train,no,no943.jpg
927,train,no,no942.jpg
928,train,no,no956.jpg
929,train,no,no765.jpg
930,train,no,no771.jpg
931,train,no,no759.jpg
932,train,no,no598.jpg
933,train,no,no201.jpg
934,train,no,no567.jpg
935,train,no,no573.jpg
936,train,no,no215.jpg
937,train,no,no1270.jpg
938,train,no,no22.jpg
939,train,no,no36.jpg
940,train,no,no1461 17.03.15.jpg
941,train,no,no229.jpg
942,train,no,no375.jpg
943,train,no,no413.jpg
944,train,no,no407.jpg
945,train,no,no361.jpg
946,train,no,no349.jpg
947,train,no,no836.jpg
948,train,no,no188.jpg
949,train,no,no822.jpg
950,train,no,no611.jpg
951,train,no,no177.jpg
952,train,no,no163.jpg
953,train,no,no605.jpg
954,train,no,no639.jpg
955,train,no,no149.jpg
956,train,no,no1474 17.03.16.jpg
957,train,no,no175.jpg
958,train,no,no613.jpg
959,train,no,no607.jpg
960,train,no,no161.jpg
961,train,no,no834.jpg
962,train,no,no1457 17.03.15.jpg
963,train,no,no820.jpg
964,train,no,no808.jpg
965,train,no,no1473 17.03.16.jpg
966,train,no,no439.jpg
967,train,no,no411.jpg
968,train,no,no377.jpg
969,train,no,no363.jpg
970,train,no,no405.jpg
971,train,no,no1450 17.03.15.jpg
972,train,no,no388.jpg
973,train,no,no559.jpg
974,train,no,no20.jpg
975,train,no,no34.jpg
976,train,no,no565.jpg
977,train,no,no203.jpg
978,train,no,no1266.jpg
979,train,no,no1272.jpg
980,train,no,no217.jpg
981,train,no,no571.jpg
982,train,no,no1299.jpg
983,train,no,no767.jpg
984,train,no,no773.jpg
985,train,no,no798.jpg
986,train,no,no940.jpg
987,train,no,no954.jpg
988,train,no,no955.jpg
989,train,no,no1445 17.03.15.jpg
990,train,no,no941.jpg
991,train,no,no799.jpg
992,train,no,no772.jpg
993,train,no,no766.jpg
994,train,no,no1466 17.03.16.jpg
995,train,no,no1298.jpg
996,train,no,no216.jpg
997,train,no,no1273.jpg
998,train,no,no570.jpg
999,train,no,no564.jpg
1000,train,no,no1267.jpg
1001,train,no,no202.jpg
1002,train,no,no35.jpg
1003,train,no,no21.jpg
1004,train,no,no558.jpg
1005,train,no,no389.jpg
1006,train,no,no362.jpg
1007,train,no,no404.jpg
1008,train,no,no410.jpg
1009,train,no,no376.jpg
1010,train,no,no438.jpg
1011,train,no,no809.jpg
1012,train,no,no821.jpg
1013,train,no,no835.jpg
1014,train,no,no606.jpg
1015,train,no,no160.jpg
1016,train,no,no174.jpg
1017,train,no,no612.jpg
1018,train,no,no148.jpg
1019,train,no,no113.jpg
1020,train,no,no675.jpg
1021,train,no,no661.jpg
1022,train,no,no107.jpg
1023,train,no,no649.jpg
1024,train,no,no891.jpg
1025,train,no,no885.jpg
1026,train,no,no1448 17.03.15.jpg
1027,train,no,no852.jpg
1028,train,no,no846.jpg
1029,train,no,no477.jpg
1030,train,no,no311.jpg
1031,train,no,no305.jpg
1032,train,no,no463.jpg
1033,train,no,no339.jpg
1034,train,no,no488.jpg
1035,train,no,no503.jpg
1036,train,no,no265.jpg
1037,train,no,no271.jpg
1038,train,no,no517.jpg
1039,train,no,no46.jpg
1040,train,no,no259.jpg
1041,train,no,no52.jpg
1042,train,no,no85.jpg
1043,train,no,no91.jpg
1044,train,no,no3.jpg
1045,train,no,no701.jpg
1046,train,no,no715.jpg
1047,train,no,no729.jpg
1048,train,no,no926.jpg
1049,train,no,no932.jpg
1050,train,no,no933.jpg
1051,train,no,no927.jpg
1052,train,no,no728.jpg
1053,train,no,no714.jpg
1054,train,no,no1486 17.03.16.jpg
1055,train,no,no700.jpg
1056,train,no,no2.jpg
1057,train,no,no1479 17.03.16.jpg
1058,train,no,no90.jpg
1059,train,no,no84.jpg
1060,train,no,no53.jpg
1061,train,no,no47.jpg
1062,train,no,no258.jpg
1063,train,no,no270.jpg
1064,train,no,no516.jpg
1065,train,no,no502.jpg
1066,train,no,no1481 17.03.16.jpg
1067,train,no,no264.jpg
1068,train,no,no489.jpg
1069,train,no,no338.jpg
1070,train,no,no304.jpg
1071,train,no,no1493 17.03.17.jpg
1072,train,no,no462.jpg
1073,train,no,no476.jpg
1074,train,no,no310.jpg
1075,train,no,no847.jpg
1076,train,no,no853.jpg
1077,train,no,no884.jpg
1078,train,no,no890.jpg
1079,train,no,no648.jpg
1080,train,no,no660.jpg
1081,train,no,no106.jpg
1082,train,no,no112.jpg
1083,train,no,no674.jpg
1084,train,no,no104.jpg
1085,train,no,no662.jpg
1086,train,no,no676.jpg
1087,train,no,no110.jpg
1088,train,no,no138.jpg
1089,train,no,no886.jpg
1090,train,no,no892.jpg
1091,train,no,no879.jpg
1092,train,no,no845.jpg
1093,train,no,no851.jpg
1094,train,no,no689.jpg
1095,train,no,no460.jpg
1096,train,no,no306.jpg
1097,train,no,no312.jpg
1098,train,no,no474.jpg
1099,train,no,no448.jpg
1100,train,no,no514.jpg
1101,train,no,no272.jpg
1102,train,no,no266.jpg
1103,train,no,no500.jpg
1104,train,no,no79.jpg
1105,train,no,no528.jpg
1106,train,no,no51.jpg
1107,train,no,no45.jpg
1108,train,no,no92.jpg
1109,train,no,no299.jpg
1110,train,no,no86.jpg
1111,train,no,no716.jpg
1112,train,no,no0.jpg
1113,train,no,no702.jpg
1114,train,no,no919.jpg
1115,train,no,no931.jpg
1116,train,no,no925.jpg
1117,train,no,no924.jpg
1118,train,no,no930.jpg
1119,train,no,no918.jpg
1120,train,no,no703.jpg
1121,train,no,no1.jpg
1122,train,no,no717.jpg
1123,train,no,no298.jpg
1124,train,no,no87.jpg
1125,train,no,no93.jpg
1126,train,no,no44.jpg
1127,train,no,no50.jpg
1128,train,no,no529.jpg
1129,train,no,no267.jpg
1130,train,no,no78.jpg
1131,train,no,no501.jpg
1132,train,no,no515.jpg
1133,train,no,no273.jpg
1134,train,no,no449.jpg
1135,train,no,no313.jpg
1136,train,no,no475.jpg
1137,train,no,no461.jpg
1138,train,no,no307.jpg
1139,train,no,no688.jpg
1140,train,no,no850.jpg
1141,train,no,no844.jpg
1142,train,no,no878.jpg
1143,train,no,no893.jpg
1144,train,no,no139.jpg
1145,train,no,no887.jpg
1146,train,no,no677.jpg
1147,train,no,no111.jpg
1148,train,no,no105.jpg
1149,train,no,no663.jpg
1150,train,no,no883.jpg
1151,train,no,no129.jpg
1152,train,no,no897.jpg
1153,train,no,no667.jpg
1154,train,no,no1480 17.03.16.jpg
1155,train,no,no101.jpg
1156,train,no,no115.jpg
1157,train,no,no673.jpg
1158,train,no,no840.jpg
1159,train,no,no698.jpg
1160,train,no,no854.jpg
1161,train,no,no868.jpg
1162,train,no,no459.jpg
1163,train,no,no303.jpg
1164,train,no,no1478 17.03.16.jpg
1165,train,no,no1487 17.03.16.jpg
1166,train,no,no465.jpg
1167,train,no,no471.jpg
1168,train,no,no317.jpg
1169,train,no,no54.jpg
1170,train,no,no539.jpg
1171,train,no,no40.jpg
1172,train,no,no277.jpg
1173,train,no,no511.jpg
1174,train,no,no68.jpg
1175,train,no,no505.jpg
1176,train,no,no263.jpg
1177,train,no,no288.jpg
1178,train,no,no97.jpg
1179,train,no,no83.jpg
1180,train,no,no713.jpg
1181,train,no,no5.jpg
1182,train,no,no1492 17.03.17.jpg
1183,train,no,no707.jpg
1184,train,no,no934.jpg
1185,train,no,no920.jpg
1186,train,no,no908.jpg
1187,train,no,no909.jpg
1188,train,no,no921.jpg
1189,train,no,no935.jpg
1190,train,no,no706.jpg
1191,train,no,no4.jpg
1192,train,no,no712.jpg
1193,train,no,no1449 17.03.15.jpg
1194,train,no,no82.jpg
1195,train,no,no289.jpg
1196,train,no,no96.jpg
1197,train,no,no504.jpg
1198,train,no,no262.jpg
1199,train,no,no276.jpg
1200,train,no,no69.jpg
1201,train,no,no510.jpg
1202,train,no,no41.jpg
1203,train,no,no538.jpg
1204,train,no,no55.jpg
1205,train,no,no470.jpg
1206,train,no,no316.jpg
1207,train,no,no302.jpg
1208,train,no,no464.jpg
1209,train,no,no458.jpg
1210,train,no,no869.jpg
1211,train,no,no855.jpg
1212,train,no,no699.jpg
1213,train,no,no841.jpg
1214,train,no,no114.jpg
1215,train,no,no672.jpg
1216,train,no,no666.jpg
1217,train,no,no100.jpg
1218,train,no,no128.jpg
1219,train,no,no896.jpg
1220,train,no,no882.jpg
1221,train,no,no894.jpg
1222,train,no,no658.jpg
1223,train,no,no880.jpg
1224,train,no,no670.jpg
1225,train,no,no116.jpg
1226,train,no,no102.jpg
1227,train,no,no664.jpg
1228,train,no,no857.jpg
1229,train,no,no843.jpg
1230,train,no,no328.jpg
1231,train,no,no314.jpg
1232,train,no,no472.jpg
1233,train,no,no466.jpg
1234,train,no,no300.jpg
1235,train,no,no499.jpg
1236,train,no,no43.jpg
1237,train,no,no57.jpg
1238,train,no,no248.jpg
1239,train,no,no260.jpg
1240,train,no,no506.jpg
1241,train,no,no512.jpg
1242,train,no,no274.jpg
1243,train,no,no80.jpg
1244,train,no,no94.jpg
1245,train,no,no738.jpg
1246,train,no,no6.jpg
1247,train,no,no704.jpg
1248,train,no,no710.jpg
1249,train,no,no923.jpg
1250,train,no,no937.jpg
1251,train,no,no936.jpg
1252,train,no,no922.jpg
1253,train,no,no711.jpg
1254,train,no,no705.jpg
1255,train,no,no7.jpg
1256,train,no,no739.jpg
1257,train,no,no95.jpg
1258,train,no,no81.jpg
1259,train,no,no513.jpg
1260,train,no,no275.jpg
1261,train,no,no261.jpg
1262,train,no,no507.jpg
1263,train,no,no56.jpg
1264,train,no,no249.jpg
1265,train,no,no42.jpg
1266,train,no,no498.jpg
1267,train,no,no467.jpg
1268,train,no,no301.jpg
1269,train,no,no315.jpg
1270,train,no,no473.jpg
1271,train,no,no329.jpg
1272,train,no,no842.jpg
1273,train,no,no856.jpg
1274,train,no,no103.jpg
1275,train,no,no665.jpg
1276,train,no,no671.jpg
1277,train,no,no117.jpg
1278,train,no,no881.jpg
1279,train,no,no659.jpg
1280,train,no,no895.jpg
1281,train,yes,y1141.jpg
1282,train,yes,y1155.jpg
1283,train,yes,y619.jpg
1284,train,yes,y631.jpg
1285,train,yes,y157.jpg
1286,train,yes,y143.jpg
1287,train,yes,y1169.jpg
1288,train,yes,y6.jpg
1289,train,yes,y625.jpg
1290,train,yes,y816.jpg
1291,train,yes,y1182.jpg
1292,train,yes,y1196.jpg
1293,train,yes,y802.jpg
1294,train,yes,y194.jpg
1295,train,yes,y180.jpg
1296,train,yes,y779.jpg
1297,train,yes,y1035.jpg
1298,train,yes,y1021.jpg
1299,train,yes,y745.jpg
1300,train,yes,y1009.jpg
1301,train,yes,y989.jpg
1302,train,yes,y751.jpg
1303,train,yes,y962.jpg
1304,train,yes,y976.jpg
1305,train,yes,y786.jpg
1306,train,yes,y792.jpg
1307,train,yes,y1237.jpg
1308,train,yes,y1223.jpg
1309,train,yes,y84.jpg
1310,train,yes,y547.jpg
1311,train,yes,y553.jpg
1312,train,yes,y90.jpg
1313,train,yes,y47.jpg
1314,train,yes,y584.jpg
1315,train,yes,y590.jpg
1316,train,yes,y53.jpg
1317,train,yes,y591.jpg
1318,train,yes,y52.jpg
1319,train,yes,y46.jpg
1320,train,yes,y585.jpg
1321,train,yes,y552.jpg
1322,train,yes,y91.jpg
1323,train,yes,y85.jpg
1324,train,yes,y546.jpg
1325,train,yes,y1222.jpg
1326,train,yes,y1236.jpg
1327,train,yes,y793.jpg
1328,train,yes,y787.jpg
1329,train,yes,y977.jpg
1330,train,yes,y963.jpg
1331,train,yes,y750.jpg
1332,train,yes,y988.jpg
1333,train,yes,y744.jpg
1334,train,yes,y1008.jpg
1335,train,yes,y1020.jpg
1336,train,yes,y778.jpg
1337,train,yes,y1034.jpg
1338,train,yes,y181.jpg
1339,train,yes,y195.jpg
1340,train,yes,y1197.jpg
1341,train,yes,y803.jpg
1342,train,yes,y817.jpg
1343,train,yes,y1183.jpg
1344,train,yes,y142.jpg
1345,train,yes,y1168.jpg
1346,train,yes,y624.jpg
1347,train,yes,y7.jpg
1348,train,yes,y630.jpg
1349,train,yes,y156.jpg
1350,train,yes,y1154.jpg
1351,train,yes,y618.jpg
1352,train,yes,y1140.jpg
1353,train,yes,y1156.jpg
1354,train,yes,y168.jpg
1355,train,yes,y1142.jpg
1356,train,yes,y5.jpg
1357,train,yes,y626.jpg
1358,train,yes,y140.jpg
1359,train,yes,y154.jpg
1360,train,yes,y632.jpg
1361,train,yes,y801.jpg
1362,train,yes,y1195.jpg
1363,train,yes,y1181.jpg
1364,train,yes,y815.jpg
1365,train,yes,y183.jpg
1366,train,yes,y829.jpg
1367,train,yes,y1022.jpg
1368,train,yes,y1036.jpg
1369,train,yes,y752.jpg
1370,train,yes,y746.jpg
1371,train,yes,y975.jpg
1372,train,yes,y961.jpg
1373,train,yes,y791.jpg
1374,train,yes,y949.jpg
1375,train,yes,y785.jpg
1376,train,yes,y1220.jpg
1377,train,yes,y578.jpg
1378,train,yes,y1234.jpg
1379,train,yes,y93.jpg
1380,train,yes,y550.jpg
1381,train,yes,y544.jpg
1382,train,yes,y87.jpg
1383,train,yes,y1208.jpg
1384,train,yes,y78.jpg
1385,train,yes,y50.jpg
1386,train,yes,y593.jpg
1387,train,yes,y587.jpg
1388,train,yes,y44.jpg
1389,train,yes,y586.jpg
1390,train,yes,y45.jpg
1391,train,yes,y51.jpg
1392,train,yes,y592.jpg
1393,train,yes,y79.jpg
1394,train,yes,y545.jpg
1395,train,yes,y1209.jpg
1396,train,yes,y86.jpg
1397,train,yes,y92.jpg
1398,train,yes,y551.jpg
1399,train,yes,y579.jpg
1400,train,yes,y1235.jpg
1401,train,yes,y1221.jpg
1402,train,yes,y784.jpg
1403,train,yes,y948.jpg
1404,train,yes,y790.jpg
1405,train,yes,y960.jpg
1406,train,yes,y974.jpg
1407,train,yes,y747.jpg
1408,train,yes,y753.jpg
1409,train,yes,y1037.jpg
1410,train,yes,y1023.jpg
1411,train,yes,y828.jpg
1412,train,yes,y182.jpg
1413,train,yes,y1180.jpg
1414,train,yes,y814.jpg
1415,train,yes,y800.jpg
1416,train,yes,y1194.jpg
1417,train,yes,y155.jpg
1418,train,yes,y633.jpg
1419,train,yes,y627.jpg
1420,train,yes,y4.jpg
1421,train,yes,y141.jpg
1422,train,yes,y169.jpg
1423,train,yes,y1143.jpg
1424,train,yes,y1157.jpg
1425,train,yes,y145.jpg
1426,train,yes,y0.jpg
1427,train,yes,y623.jpg
1428,train,yes,y637.jpg
1429,train,yes,y151.jpg
1430,train,yes,y1153.jpg
1431,train,yes,y1147.jpg
1432,train,yes,y186.jpg
1433,train,yes,y838.jpg
1434,train,yes,y192.jpg
1435,train,yes,y1190.jpg
1436,train,yes,y804.jpg
1437,train,yes,y810.jpg
1438,train,yes,y1184.jpg
1439,train,yes,y757.jpg
1440,train,yes,y743.jpg
1441,train,yes,y1027.jpg
1442,train,yes,y1033.jpg
1443,train,yes,y794.jpg
1444,train,yes,y780.jpg
1445,train,yes,y958.jpg
1446,train,yes,y970.jpg
1447,train,yes,y964.jpg
1448,train,yes,y555.jpg
1449,train,yes,y96.jpg
1450,train,yes,y1219.jpg
1451,train,yes,y82.jpg
1452,train,yes,y541.jpg
1453,train,yes,y569.jpg
1454,train,yes,y1225.jpg
1455,train,yes,y1231.jpg
1456,train,yes,y596.jpg
1457,train,yes,y55.jpg
1458,train,yes,y41.jpg
1459,train,yes,y582.jpg
1460,train,yes,y69.jpg
1461,train,yes,y68.jpg
1462,train,yes,y40.jpg
1463,train,yes,y583.jpg
1464,train,yes,y597.jpg
1465,train,yes,y54.jpg
1466,train,yes,y1230.jpg
1467,train,yes,y568.jpg
1468,train,yes,y1224.jpg
1469,train,yes,y83.jpg
1470,train,yes,y540.jpg
1471,train,yes,y554.jpg
1472,train,yes,y1218.jpg
1473,train,yes,y97.jpg
1474,train,yes,y965.jpg
1475,train,yes,y971.jpg
1476,train,yes,y959.jpg
1477,train,yes,y781.jpg
1478,train,yes,y795.jpg
1479,train,yes,y1032.jpg
1480,train,yes,y1026.jpg
1481,train,yes,y742.jpg
1482,train,yes,y756.jpg
1483,train,yes,y811.jpg
1484,train,yes,y1185.jpg
1485,train,yes,y1191.jpg
1486,train,yes,y805.jpg
1487,train,yes,y193.jpg
1488,train,yes,y187.jpg
1489,train,yes,y839.jpg
1490,train,yes,y1146.jpg
1491,train,yes,y1152.jpg
1492,train,yes,y636.jpg
1493,train,yes,y150.jpg
1494,train,yes,y144.jpg
1495,train,yes,y622.jpg
1496,train,yes,y1.jpg
1497,train,yes,y152.jpg
1498,train,yes,y1178.jpg
1499,train,yes,y634.jpg
1500,train,yes,y3.jpg
1501,train,yes,y620.jpg
1502,train,yes,y146.jpg
1503,train,yes,y1144.jpg
1504,train,yes,y608.jpg
1505,train,yes,y1150.jpg
1506,train,yes,y185.jpg
1507,train,yes,y1187.jpg
1508,train,yes,y813.jpg
1509,train,yes,y807.jpg
1510,train,yes,y1193.jpg
1511,train,yes,y998.jpg
1512,train,yes,y740.jpg
1513,train,yes,y754.jpg
1514,train,yes,y1018.jpg
1515,train,yes,y1030.jpg
1516,train,yes,y768.jpg
1517,train,yes,y1024.jpg
1518,train,yes,y783.jpg
1519,train,yes,y797.jpg
1520,train,yes,y967.jpg
1521,train,yes,y973.jpg
1522,train,yes,y542.jpg
1523,train,yes,y81.jpg
1524,train,yes,y95.jpg
1525,train,yes,y556.jpg
1526,train,yes,y1232.jpg
1527,train,yes,y1226.jpg
1528,train,yes,y581.jpg
1529,train,yes,y42.jpg
1530,train,yes,y56.jpg
1531,train,yes,y595.jpg
1532,train,yes,y57.jpg
1533,train,yes,y594.jpg
1534,train,yes,y580.jpg
1535,train,yes,y43.jpg
1536,train,yes,y1227.jpg
1537,train,yes,y1233.jpg
1538,train,yes,y94.jpg
1539,train,yes,y557.jpg
1540,train,yes,y543.jpg
1541,train,yes,y80.jpg
1542,train,yes,y972.jpg
1543,train,yes,y966.jpg
1544,train,yes,y796.jpg
1545,train,yes,y782.jpg
1546,train,yes,y769.jpg
1547,train,yes,y1025.jpg
1548,train,yes,y1031.jpg
1549,train,yes,y755.jpg
1550,train,yes,y1019.jpg
1551,train,yes,y741.jpg
1552,train,yes,y999.jpg
1553,train,yes,y806.jpg
1554,train,yes,y1192.jpg
1555,train,yes,y1186.jpg
1556,train,yes,y812.jpg
1557,train,yes,y184.jpg
1558,train,yes,y1151.jpg
1559,train,yes,y1145.jpg
1560,train,yes,y609.jpg
1561,train,yes,y621.jpg
1562,train,yes,y2.jpg
1563,train,yes,y147.jpg
1564,train,yes,y153.jpg
1565,train,yes,y1179.jpg
1566,train,yes,y635.jpg
1567,train,yes,y322.jpg
1568,train,yes,y1308.jpg
1569,train,yes,y108.jpg
1570,train,yes,y1122.jpg
1571,train,yes,y1136.jpg
1572,train,yes,y134.jpg
1573,train,yes,y652.jpg
1574,train,yes,y646.jpg
1575,train,yes,y120.jpg
1576,train,yes,y875.jpg
1577,train,yes,y861.jpg
1578,train,yes,y849.jpg
1579,train,yes,y691.jpg
1580,train,yes,y685.jpg
1581,train,yes,y1056.jpg
1582,train,yes,y1042.jpg
1583,train,yes,y726.jpg
1584,train,yes,y732.jpg
1585,train,yes,y1095.jpg
1586,train,yes,y901.jpg
1587,train,yes,y915.jpg
1588,train,yes,y1081.jpg
1589,train,yes,y929.jpg
1590,train,yes,y1254.jpg
1591,train,yes,y1240.jpg
1592,train,yes,y524.jpg
1593,train,yes,y242.jpg
1594,train,yes,y1268.jpg
1595,train,yes,y256.jpg
1596,train,yes,y530.jpg
1597,train,yes,y1297.jpg
1598,train,yes,y18.jpg
1599,train,yes,y1283.jpg
1600,train,yes,y24.jpg
1601,train,yes,y295.jpg
1602,train,yes,y30.jpg
1603,train,yes,y31.jpg
1604,train,yes,y294.jpg
1605,train,yes,y25.jpg
1606,train,yes,y1282.jpg
1607,train,yes,y19.jpg
1608,train,yes,y1296.jpg
1609,train,yes,y257.jpg
1610,train,yes,y531.jpg
1611,train,yes,y525.jpg
1612,train,yes,y243.jpg
1613,train,yes,y1269.jpg
1614,train,yes,y1241.jpg
1615,train,yes,y1255.jpg
1616,train,yes,y928.jpg
1617,train,yes,y914.jpg
1618,train,yes,y1080.jpg
1619,train,yes,y1094.jpg
1620,train,yes,y900.jpg
1621,train,yes,y733.jpg
1622,train,yes,y727.jpg
1623,train,yes,y1043.jpg
1624,train,yes,y1057.jpg
1625,train,yes,y684.jpg
1626,train,yes,y690.jpg
1627,train,yes,y848.jpg
1628,train,yes,y860.jpg
1629,train,yes,y874.jpg
1630,train,yes,y647.jpg
1631,train,yes,y121.jpg
1632,train,yes,y135.jpg
1633,train,yes,y653.jpg
1634,train,yes,y1137.jpg
1635,train,yes,y109.jpg
1636,train,yes,y1123.jpg
1637,train,yes,y323.jpg
1638,train,yes,y1309.jpg
1639,train,yes,y309.jpg
1640,train,yes,y321.jpg
1641,train,yes,y1135.jpg
1642,train,yes,y679.jpg
1643,train,yes,y1121.jpg
1644,train,yes,y123.jpg
1645,train,yes,y1109.jpg
1646,train,yes,y645.jpg
1647,train,yes,y651.jpg
1648,train,yes,y889.jpg
1649,train,yes,y137.jpg
1650,train,yes,y862.jpg
1651,train,yes,y876.jpg
1652,train,yes,y686.jpg
1653,train,yes,y692.jpg
1654,train,yes,y1041.jpg
1655,train,yes,y719.jpg
1656,train,yes,y1055.jpg
1657,train,yes,y731.jpg
1658,train,yes,y725.jpg
1659,train,yes,y1069.jpg
1660,train,yes,y1082.jpg
1661,train,yes,y916.jpg
1662,train,yes,y902.jpg
1663,train,yes,y1096.jpg
1664,train,yes,y1243.jpg
1665,train,yes,y1257.jpg
1666,train,yes,y533.jpg
1667,train,yes,y255.jpg
1668,train,yes,y527.jpg
1669,train,yes,y1280.jpg
1670,train,yes,y1294.jpg
1671,train,yes,y296.jpg
1672,train,yes,y33.jpg
1673,train,yes,y27.jpg
1674,train,yes,y26.jpg
1675,train,yes,y283.jpg
1676,train,yes,y32.jpg
1677,train,yes,y297.jpg
1678,train,yes,y1295.jpg
1679,train,yes,y1281.jpg
1680,train,yes,y526.jpg
1681,train,yes,y532.jpg
1682,train,yes,y254.jpg
1683,train,yes,y1256.jpg
1684,train,yes,y1242.jpg
1685,train,yes,y903.jpg
1686,train,yes,y1097.jpg
1687,train,yes,y1083.jpg
1688,train,yes,y917.jpg
1689,train,yes,y724.jpg
1690,train,yes,y1068.jpg
1691,train,yes,y730.jpg
1692,train,yes,y718.jpg
1693,train,yes,y1054.jpg
1694,train,yes,y1040.jpg
1695,train,yes,y693.jpg
1696,train,yes,y687.jpg
1697,train,yes,y877.jpg
1698,train,yes,y863.jpg
1699,train,yes,y888.jpg
1700,train,yes,y650.jpg
1701,train,yes,y136.jpg
1702,train,yes,y122.jpg
1703,train,yes,y1108.jpg
1704,train,yes,y644.jpg
1705,train,yes,y1120.jpg
1706,train,yes,y1134.jpg
1707,train,yes,y678.jpg
1708,train,yes,y334.jpg
1709,train,yes,y320.jpg
1710,train,yes,y308.jpg
1711,train,yes,y324.jpg
1712,train,yes,y318.jpg
1713,train,yes,y640.jpg
1714,train,yes,y898.jpg
1715,train,yes,y126.jpg
1716,train,yes,y132.jpg
1717,train,yes,y1118.jpg
1718,train,yes,y654.jpg
1719,train,yes,y1130.jpg
1720,train,yes,y1124.jpg
1721,train,yes,y668.jpg
1722,train,yes,y683.jpg
1723,train,yes,y697.jpg
1724,train,yes,y867.jpg
1725,train,yes,y873.jpg
1726,train,yes,y734.jpg
1727,train,yes,y1078.jpg
1728,train,yes,y720.jpg
1729,train,yes,y708.jpg
1730,train,yes,y1044.jpg
1731,train,yes,y1050.jpg
1732,train,yes,y913.jpg
1733,train,yes,y1087.jpg
1734,train,yes,y1093.jpg
1735,train,yes,y907.jpg
1736,train,yes,y250.jpg
1737,train,yes,y536.jpg
1738,train,yes,y522.jpg
1739,train,yes,y244.jpg
1740,train,yes,y1246.jpg
1741,train,yes,y1252.jpg
1742,train,yes,y293.jpg
1743,train,yes,y36.jpg
1744,train,yes,y287.jpg
1745,train,yes,y22.jpg
1746,train,yes,y1285.jpg
1747,train,yes,y1291.jpg
1748,train,yes,y1290.jpg
1749,train,yes,y1284.jpg
1750,train,yes,y23.jpg
1751,train,yes,y286.jpg
1752,train,yes,y37.jpg
1753,train,yes,y292.jpg
1754,train,yes,y1253.jpg
1755,train,yes,y1247.jpg
1756,train,yes,y523.jpg
1757,train,yes,y245.jpg
1758,train,yes,y251.jpg
1759,train,yes,y537.jpg
1760,train,yes,y1092.jpg
1761,train,yes,y906.jpg
1762,train,yes,y912.jpg
1763,train,yes,y1086.jpg
1764,train,yes,y1051.jpg
1765,train,yes,y709.jpg
1766,train,yes,y1045.jpg
1767,train,yes,y721.jpg
1768,train,yes,y735.jpg
1769,train,yes,y1079.jpg
1770,train,yes,y872.jpg
1771,train,yes,y866.jpg
1772,train,yes,y696.jpg
1773,train,yes,y682.jpg
1774,train,yes,y1125.jpg
1775,train,yes,y669.jpg
1776,train,yes,y1131.jpg
1777,train,yes,y133.jpg
1778,train,yes,y1119.jpg
1779,train,yes,y655.jpg
1780,train,yes,y899.jpg
1781,train,yes,y641.jpg
1782,train,yes,y127.jpg
1783,train,yes,y319.jpg
1784,train,yes,y331.jpg
1785,train,yes,y325.jpg
1786,train,yes,y333.jpg
1787,train,yes,y327.jpg
1788,train,yes,y657.jpg
1789,train,yes,y131.jpg
1790,train,yes,y125.jpg
1791,train,yes,y643.jpg
1792,train,yes,y1127.jpg
1793,train,yes,y119.jpg
1794,train,yes,y1133.jpg
1795,train,yes,y694.jpg
1796,train,yes,y858.jpg
1797,train,yes,y680.jpg
1798,train,yes,y870.jpg
1799,train,yes,y864.jpg
1800,train,yes,y723.jpg
1801,train,yes,y737.jpg
1802,train,yes,y1053.jpg
1803,train,yes,y1047.jpg
1804,train,yes,y938.jpg
1805,train,yes,y904.jpg
1806,train,yes,y1090.jpg
1807,train,yes,y1084.jpg
1808,train,yes,y910.jpg
1809,train,yes,y247.jpg
1810,train,yes,y535.jpg
1811,train,yes,y253.jpg
1812,train,yes,y1279.jpg
1813,train,yes,y1251.jpg
1814,train,yes,y1245.jpg
1815,train,yes,y284.jpg
1816,train,yes,y21.jpg
1817,train,yes,y290.jpg
1818,train,yes,y35.jpg
1819,train,yes,y1292.jpg
1820,train,yes,y1286.jpg
1821,train,yes,y1287.jpg
1822,train,yes,y1293.jpg
1823,train,yes,y34.jpg
1824,train,yes,y291.jpg
1825,train,yes,y20.jpg
1826,train,yes,y285.jpg
1827,train,yes,y1244.jpg
1828,train,yes,y1250.jpg
1829,train,yes,y534.jpg
1830,train,yes,y252.jpg
1831,train,yes,y1278.jpg
1832,train,yes,y246.jpg
1833,train,yes,y1085.jpg
1834,train,yes,y911.jpg
1835,train,yes,y905.jpg
1836,train,yes,y1091.jpg
1837,train,yes,y939.jpg
1838,train,yes,y1046.jpg
1839,train,yes,y1052.jpg
1840,train,yes,y736.jpg
1841,train,yes,y722.jpg
1842,train,yes,y865.jpg
1843,train,yes,y871.jpg
1844,train,yes,y681.jpg
1845,train,yes,y859.jpg
1846,train,yes,y695.jpg
1847,train,yes,y118.jpg
1848,train,yes,y1132.jpg
1849,train,yes,y1126.jpg
1850,train,yes,y124.jpg
1851,train,yes,y642.jpg
1852,train,yes,y656.jpg
1853,train,yes,y130.jpg
1854,train,yes,y326.jpg
1855,train,yes,y332.jpg
1856,train,yes,y1301.jpg
1857,train,yes,y1315.jpg
1858,train,yes,y317.jpg
1859,train,yes,y303.jpg
1860,train,yes,y1103.jpg
1861,train,yes,y129.jpg
1862,train,yes,y897.jpg
1863,train,yes,y883.jpg
1864,train,yes,y1117.jpg
1865,train,yes,y115.jpg
1866,train,yes,y673.jpg
1867,train,yes,y667.jpg
1868,train,yes,y101.jpg
1869,train,yes,y854.jpg
1870,train,yes,y840.jpg
1871,train,yes,y698.jpg
1872,train,yes,y868.jpg
1873,train,yes,y1077.jpg
1874,train,yes,y1063.jpg
1875,train,yes,y707.jpg
1876,train,yes,y713.jpg
1877,train,yes,y920.jpg
1878,train,yes,y934.jpg
1879,train,yes,y1088.jpg
1880,train,yes,y908.jpg
1881,train,yes,y539.jpg
1882,train,yes,y1275.jpg
1883,train,yes,y1261.jpg
1884,train,yes,y1249.jpg
1885,train,yes,y39.jpg
1886,train,yes,y288.jpg
1887,train,yes,y11.jpg
1888,train,yes,y10.jpg
1889,train,yes,y289.jpg
1890,train,yes,y38.jpg
1891,train,yes,y1248.jpg
1892,train,yes,y1260.jpg
1893,train,yes,y538.jpg
1894,train,yes,y1274.jpg
1895,train,yes,y909.jpg
1896,train,yes,y1089.jpg
1897,train,yes,y935.jpg
1898,train,yes,y921.jpg
1899,train,yes,y712.jpg
1900,train,yes,y706.jpg
1901,train,yes,y1062.jpg
1902,train,yes,y1076.jpg
1903,train,yes,y869.jpg
1904,train,yes,y699.jpg
1905,train,yes,y841.jpg
1906,train,yes,y855.jpg
1907,train,yes,y666.jpg
1908,train,yes,y100.jpg
1909,train,yes,y114.jpg
1910,train,yes,y672.jpg
1911,train,yes,y882.jpg
1912,train,yes,y1116.jpg
1913,train,yes,y1102.jpg
1914,train,yes,y128.jpg
1915,train,yes,y896.jpg
1916,train,yes,y302.jpg
1917,train,yes,y316.jpg
1918,train,yes,y1314.jpg
1919,train,yes,y1300.jpg
1920,train,yes,y1302.jpg
1921,train,yes,y328.jpg
1922,train,yes,y300.jpg
1923,train,yes,y314.jpg
1924,train,yes,y1114.jpg
1925,train,yes,y658.jpg
1926,train,yes,y880.jpg
1927,train,yes,y894.jpg
1928,train,yes,y1100.jpg
1929,train,yes,y1128.jpg
1930,train,yes,y102.jpg
1931,train,yes,y664.jpg
1932,train,yes,y670.jpg
1933,train,yes,y116.jpg
1934,train,yes,y843.jpg
1935,train,yes,y857.jpg
1936,train,yes,y1060.jpg
1937,train,yes,y738.jpg
1938,train,yes,y1074.jpg
1939,train,yes,y710.jpg
1940,train,yes,y704.jpg
1941,train,yes,y1048.jpg
1942,train,yes,y937.jpg
1943,train,yes,y923.jpg
1944,train,yes,y1262.jpg
1945,train,yes,y248.jpg
1946,train,yes,y1276.jpg
1947,train,yes,y12.jpg
1948,train,yes,y1289.jpg
1949,train,yes,y1288.jpg
1950,train,yes,y13.jpg
1951,train,yes,y1277.jpg
1952,train,yes,y1263.jpg
1953,train,yes,y249.jpg
1954,train,yes,y922.jpg
1955,train,yes,y936.jpg
1956,train,yes,y705.jpg
1957,train,yes,y1049.jpg
1958,train,yes,y711.jpg
1959,train,yes,y739.jpg
1960,train,yes,y1075.jpg
1961,train,yes,y1061.jpg
1962,train,yes,y856.jpg
1963,train,yes,y842.jpg
1964,train,yes,y671.jpg
1965,train,yes,y117.jpg
1966,train,yes,y1129.jpg
1967,train,yes,y103.jpg
1968,train,yes,y665.jpg
1969,train,yes,y895.jpg
1970,train,yes,y1101.jpg
1971,train,yes,y1115.jpg
1972,train,yes,y881.jpg
1973,train,yes,y659.jpg
1974,train,yes,y315.jpg
1975,train,yes,y301.jpg
1976,train,yes,y1303.jpg
1977,train,yes,y305.jpg
1978,train,yes,y311.jpg
1979,train,yes,y1313.jpg
1980,train,yes,y1307.jpg
1981,train,yes,y661.jpg
1982,train,yes,y107.jpg
1983,train,yes,y1139.jpg
1984,train,yes,y113.jpg
1985,train,yes,y675.jpg
1986,train,yes,y885.jpg
1987,train,yes,y1111.jpg
1988,train,yes,y1105.jpg
1989,train,yes,y649.jpg
1990,train,yes,y891.jpg
1991,train,yes,y846.jpg
1992,train,yes,y852.jpg
1993,train,yes,y715.jpg
1994,train,yes,y1059.jpg
1995,train,yes,y701.jpg
1996,train,yes,y729.jpg
1997,train,yes,y1065.jpg
1998,train,yes,y1071.jpg
1999,train,yes,y932.jpg
2000,train,yes,y926.jpg
2001,train,yes,y1267.jpg
2002,train,yes,y1273.jpg
2003,train,yes,y259.jpg
2004,train,yes,y1298.jpg
2005,train,yes,y17.jpg
2006,train,yes,y16.jpg
2007,train,yes,y1299.jpg
2008,train,yes,y1272.jpg
2009,train,yes,y258.jpg
2010,train,yes,y1266.jpg
2011,train,yes,y927.jpg
2012,train,yes,y933.jpg
2013,train,yes,y1070.jpg
2014,train,yes,y728.jpg
2015,train,yes,y1064.jpg
2016,train,yes,y700.jpg
2017,train,yes,y714.jpg
2018,train,yes,y1058.jpg
2019,train,yes,y853.jpg
2020,train,yes,y847.jpg
2021,train,yes,y1104.jpg
2022,train,yes,y890.jpg
2023,train,yes,y648.jpg
2024,train,yes,y884.jpg
2025,train,yes,y1110.jpg
2026,train,yes,y1138.jpg
2027,train,yes,y112.jpg
2028,train,yes,y674.jpg
2029,train,yes,y660.jpg
2030,train,yes,y106.jpg
2031,train,yes,y1306.jpg
2032,train,yes,y1312.jpg
2033,train,yes,y310.jpg
2034,train,yes,y304.jpg
2035,train,yes,y312.jpg
2036,train,yes,y306.jpg
2037,train,yes,y1304.jpg
2038,train,yes,y676.jpg
2039,train,yes,y110.jpg
2040,train,yes,y104.jpg
2041,train,yes,y662.jpg
2042,train,yes,y892.jpg
2043,train,yes,y1106.jpg
2044,train,yes,y1112.jpg
2045,train,yes,y138.jpg
2046,train,yes,y886.jpg
2047,train,yes,y879.jpg
2048,train,yes,y851.jpg
2049,train,yes,y689.jpg
2050,train,yes,y845.jpg
2051,train,yes,y702.jpg
2052,train,yes,y716.jpg
2053,train,yes,y1072.jpg
2054,train,yes,y1066.jpg
2055,train,yes,y919.jpg
2056,train,yes,y1099.jpg
2057,train,yes,y925.jpg
2058,train,yes,y931.jpg
2059,train,yes,y1258.jpg
2060,train,yes,y1270.jpg
2061,train,yes,y528.jpg
2062,train,yes,y1264.jpg
2063,train,yes,y14.jpg
2064,train,yes,y299.jpg
2065,train,yes,y28.jpg
2066,train,yes,y29.jpg
2067,train,yes,y298.jpg
2068,train,yes,y15.jpg
2069,train,yes,y529.jpg
2070,train,yes,y1265.jpg
2071,train,yes,y1271.jpg
2072,train,yes,y1259.jpg
2073,train,yes,y930.jpg
2074,train,yes,y924.jpg
2075,train,yes,y1098.jpg
2076,train,yes,y918.jpg
2077,train,yes,y1067.jpg
2078,train,yes,y1073.jpg
2079,train,yes,y717.jpg
2080,train,yes,y703.jpg
2081,train,yes,y844.jpg
2082,train,yes,y688.jpg
2083,train,yes,y850.jpg
2084,train,yes,y878.jpg
2085,train,yes,y1113.jpg
2086,train,yes,y139.jpg
2087,train,yes,y887.jpg
2088,train,yes,y893.jpg
2089,train,yes,y1107.jpg
2090,train,yes,y105.jpg
2091,train,yes,y663.jpg
2092,train,yes,y677.jpg
2093,train,yes,y111.jpg
2094,train,yes,y1305.jpg
2095,train,yes,y307.jpg
2096,train,yes,y313.jpg
2097,train,yes,y1160.jpg
2098,train,yes,y1174.jpg
2099,train,yes,y638.jpg
2100,train,yes,y610.jpg
2101,train,yes,y176.jpg
2102,train,yes,y1148.jpg
2103,train,yes,y162.jpg
2104,train,yes,y604.jpg
2105,train,yes,y837.jpg
2106,train,yes,y823.jpg
2107,train,yes,y980.jpg
2108,train,yes,y758.jpg
2109,train,yes,y1014.jpg
2110,train,yes,y1000.jpg
2111,train,yes,y994.jpg
2112,train,yes,y764.jpg
2113,train,yes,y1028.jpg
2114,train,yes,y770.jpg
2115,train,yes,y943.jpg
2116,train,yes,y957.jpg
2117,train,yes,y99.jpg
2118,train,yes,y1216.jpg
2119,train,yes,y1202.jpg
2120,train,yes,y566.jpg
2121,train,yes,y572.jpg
2122,train,yes,y599.jpg
2123,train,yes,y66.jpg
2124,train,yes,y72.jpg
2125,train,yes,y73.jpg
2126,train,yes,y67.jpg
2127,train,yes,y598.jpg
2128,train,yes,y573.jpg
2129,train,yes,y567.jpg
2130,train,yes,y1203.jpg
2131,train,yes,y1217.jpg
2132,train,yes,y98.jpg
2133,train,yes,y956.jpg
2134,train,yes,y942.jpg
2135,train,yes,y771.jpg
2136,train,yes,y765.jpg
2137,train,yes,y1029.jpg
2138,train,yes,y1001.jpg
2139,train,yes,y995.jpg
2140,train,yes,y759.jpg
2141,train,yes,y981.jpg
2142,train,yes,y1015.jpg
2143,train,yes,y822.jpg
2144,train,yes,y836.jpg
2145,train,yes,y188.jpg
2146,train,yes,y1149.jpg
2147,train,yes,y163.jpg
2148,train,yes,y605.jpg
2149,train,yes,y611.jpg
2150,train,yes,y1175.jpg
2151,train,yes,y639.jpg
2152,train,yes,y1161.jpg
2153,train,yes,y1177.jpg
2154,train,yes,y1163.jpg
2155,train,yes,y149.jpg
2156,train,yes,y607.jpg
2157,train,yes,y161.jpg
2158,train,yes,y175.jpg
2159,train,yes,y613.jpg
2160,train,yes,y820.jpg
2161,train,yes,y834.jpg
2162,train,yes,y1188.jpg
2163,train,yes,y808.jpg
2164,train,yes,y997.jpg
2165,train,yes,y1003.jpg
2166,train,yes,y1017.jpg
2167,train,yes,y983.jpg
2168,train,yes,y773.jpg
2169,train,yes,y767.jpg
2170,train,yes,y954.jpg
2171,train,yes,y798.jpg
2172,train,yes,y940.jpg
2173,train,yes,y968.jpg
2174,train,yes,y1201.jpg
2175,train,yes,y559.jpg
2176,train,yes,y1215.jpg
2177,train,yes,y571.jpg
2178,train,yes,y565.jpg
2179,train,yes,y1229.jpg
2180,train,yes,y59.jpg
2181,train,yes,y71.jpg
2182,train,yes,y65.jpg
2183,train,yes,y64.jpg
2184,train,yes,y70.jpg
2185,train,yes,y58.jpg
2186,train,yes,y564.jpg
2187,train,yes,y1228.jpg
2188,train,yes,y570.jpg
2189,train,yes,y558.jpg
2190,train,yes,y1214.jpg
2191,train,yes,y1200.jpg
2192,train,yes,y969.jpg
2193,train,yes,y941.jpg
2194,train,yes,y799.jpg
2195,train,yes,y955.jpg
2196,train,yes,y766.jpg
2197,train,yes,y772.jpg
2198,train,yes,y1016.jpg
2199,train,yes,y982.jpg
2200,train,yes,y996.jpg
2201,train,yes,y1002.jpg
2202,train,yes,y809.jpg
2203,train,yes,y1189.jpg
2204,train,yes,y835.jpg
2205,train,yes,y821.jpg
2206,train,yes,y174.jpg
2207,train,yes,y612.jpg
2208,train,yes,y606.jpg
2209,train,yes,y160.jpg
2210,train,yes,y1162.jpg
2211,train,yes,y148.jpg
2212,train,yes,y1176.jpg
2213,train,yes,y164.jpg
2214,train,yes,y602.jpg
2215,train,yes,y616.jpg
2216,train,yes,y170.jpg
2217,train,yes,y1172.jpg
2218,train,yes,y158.jpg
2219,train,yes,y9.jpg
2220,train,yes,y1166.jpg
2221,train,yes,y819.jpg
2222,train,yes,y1199.jpg
2223,train,yes,y825.jpg
2224,train,yes,y831.jpg
2225,train,yes,y776.jpg
2226,train,yes,y762.jpg
2227,train,yes,y1006.jpg
2228,train,yes,y992.jpg
2229,train,yes,y986.jpg
2230,train,yes,y1012.jpg
2231,train,yes,y979.jpg
2232,train,yes,y789.jpg
2233,train,yes,y951.jpg
2234,train,yes,y945.jpg
2235,train,yes,y574.jpg
2236,train,yes,y1238.jpg
2237,train,yes,y560.jpg
2238,train,yes,y548.jpg
2239,train,yes,y1204.jpg
2240,train,yes,y1210.jpg
2241,train,yes,y74.jpg
2242,train,yes,y60.jpg
2243,train,yes,y48.jpg
2244,train,yes,y49.jpg
2245,train,yes,y61.jpg
2246,train,yes,y75.jpg
2247,train,yes,y1211.jpg
2248,train,yes,y549.jpg
2249,train,yes,y1205.jpg
2250,train,yes,y561.jpg
2251,train,yes,y575.jpg
2252,train,yes,y1239.jpg
2253,train,yes,y944.jpg
2254,train,yes,y950.jpg
2255,train,yes,y788.jpg
2256,train,yes,y978.jpg
2257,train,yes,y987.jpg
2258,train,yes,y1013.jpg
2259,train,yes,y1007.jpg
2260,train,yes,y993.jpg
2261,train,yes,y763.jpg
2262,train,yes,y777.jpg
2263,train,yes,y830.jpg
2264,train,yes,y824.jpg
2265,train,yes,y1198.jpg
2266,train,yes,y818.jpg
2267,train,yes,y8.jpg
2268,train,yes,y1167.jpg
2269,train,yes,y1173.jpg
2270,train,yes,y159.jpg
2271,train,yes,y617.jpg
2272,train,yes,y171.jpg
2273,train,yes,y165.jpg
2274,train,yes,y603.jpg
2275,train,yes,y1159.jpg
2276,train,yes,y173.jpg
2277,train,yes,y615.jpg
2278,train,yes,y601.jpg
2279,train,yes,y167.jpg
2280,train,yes,y1165.jpg
2281,train,yes,y629.jpg
2282,train,yes,y1171.jpg
2283,train,yes,y832.jpg
2284,train,yes,y826.jpg
2285,train,yes,y761.jpg
2286,train,yes,y775.jpg
2287,train,yes,y1039.jpg
2288,train,yes,y1011.jpg
2289,train,yes,y985.jpg
2290,train,yes,y991.jpg
2291,train,yes,y749.jpg
2292,train,yes,y1005.jpg
2293,train,yes,y946.jpg
2294,train,yes,y952.jpg
2295,train,yes,y563.jpg
2296,train,yes,y577.jpg
2297,train,yes,y1213.jpg
2298,train,yes,y88.jpg
2299,train,yes,y1207.jpg
2300,train,yes,y63.jpg
2301,train,yes,y77.jpg
2302,train,yes,y588.jpg
2303,train,yes,y589.jpg
2304,train,yes,y76.jpg
2305,train,yes,y62.jpg
2306,train,yes,y1206.jpg
2307,train,yes,y89.jpg
2308,train,yes,y1212.jpg
2309,train,yes,y576.jpg
2310,train,yes,y562.jpg
2311,train,yes,y953.jpg
2312,train,yes,y947.jpg
2313,train,yes,y748.jpg
2314,train,yes,y990.jpg
2315,train,yes,y1004.jpg
2316,train,yes,y1010.jpg
2317,train,yes,y984.jpg
2318,train,yes,y774.jpg
2319,train,yes,y1038.jpg
2320,train,yes,y760.jpg
2321,train,yes,y827.jpg
2322,train,yes,y833.jpg
2323,train,yes,y1170.jpg
2324,train,yes,y1164.jpg
2325,train,yes,y628.jpg
2326,train,yes,y600.jpg
2327,train,yes,y166.jpg
2328,train,yes,y1158.jpg
2329,train,yes,y172.jpg
2330,train,yes,y614.jpg
2331,validation,no,no1201 21.07.24.jpg
2332,validation,no,no1206 21.07.24.jpg
2333,validation,no,no1069 21.07.20.jpg
2334,validation,no,no1168 21.07.23.jpg
2335,validation,no,no999 21.07.18.jpg
2336,validation,no,no1262 21.07.26.jpg
2337,validation,no,no1084 21.07.21.jpg
2338,validation,no,no1241 21.07.25.jpg
2339,validation,no,no1191 21.07.24.jpg
2340,validation,no,no1265 21.07.26.jpg
2341,validation,no,no1083 21.07.21.jpg
2342,validation,no,no1246 21.07.25.jpg
2343,validation,no,no1128 21.07.22.jpg
2344,validation,no,no1196 21.07.24.jpg
2345,validation,no,no973 21.07.18.jpg
2346,validation,no,no1182 21.07.23.jpg
2347,validation,no,no1213 21.07.24.jpg
2348,validation,no,no974 21.07.18.jpg
2349,validation,no,no1214 21.07.24.jpg
2350,validation,no,no1019 21.07.19.jpg
2351,validation,no,no1096 21.07.21.jpg
2352,validation,no,no1253 21.07.25.jpg
2353,validation,no,no1091 21.07.21.jpg
2354,validation,no,no1254 21.07.25.jpg
2355,validation,no,no1028 21.07.19.jpg
2356,validation,no,no1237 21.07.25.jpg
2357,validation,no,no1230 21.07.25.jpg
2358,validation,no,no1159 21.07.23.jpg
2359,validation,no,no1058 21.07.20.jpg
2360,validation,no,no1225 21.07.25.jpg
2361,validation,no,no1119 21.07.22.jpg
2362,validation,no,no1222 21.07.25.jpg
2363,validation,no,no1018 21.07.19.jpg
2364,validation,no,no975 21.07.18.jpg
2365,validation,no,no1184 21.07.23.jpg
2366,validation,no,no1215 21.07.24.jpg
2367,validation,no,no1183 21.07.23.jpg
2368,validation,no,no972 21.07.18.jpg
2369,validation,no,no1212 21.07.24.jpg
2370,validation,no,no1185 21.07.24.jpg
2371,validation,no,no1255 21.07.25.jpg
2372,validation,no,no1090 21.07.21.jpg
2373,validation,no,no1252 21.07.25.jpg
2374,validation,no,no1097 21.07.21.jpg
2375,validation,no,no1068 21.07.20.jpg
2376,validation,no,no1207 21.07.24.jpg
2377,validation,no,no998 21.07.18.jpg
2378,validation,no,no1169 21.07.23.jpg
2379,validation,no,no1200 21.07.24.jpg
2380,validation,no,no1247 21.07.25.jpg
2381,validation,no,no1082 21.07.21.jpg
2382,validation,no,no1197 21.07.24.jpg
2383,validation,no,no1129 21.07.22.jpg
2384,validation,no,no1264 21.07.26.jpg
2385,validation,no,no1240 21.07.25.jpg
2386,validation,no,no1085 21.07.21.jpg
2387,validation,no,no1190 21.07.24.jpg
2388,validation,no,no1263 21.07.26.jpg
2389,validation,no,no1158 21.07.23.jpg
2390,validation,no,no1059 21.07.20.jpg
2391,validation,no,no1118 21.07.22.jpg
2392,validation,no,no1223 21.07.25.jpg
2393,validation,no,no1224 21.07.25.jpg
2394,validation,no,no1029 21.07.19.jpg
2395,validation,no,no1231 21.07.25.jpg
2396,validation,no,no1236 21.07.25.jpg
2397,validation,no,no1147 21.07.23.jpg
2398,validation,no,no1046 21.07.20.jpg
2399,validation,no,no1024 21.07.19.jpg
2400,validation,no,no1041 21.07.20.jpg
2401,validation,no,no1023 21.07.19.jpg
2402,validation,no,no1036 21.07.19.jpg
2403,validation,no,no1054 21.07.20.jpg
2404,validation,no,no1155 21.07.23.jpg
2405,validation,no,no1031 21.07.19.jpg
2406,validation,no,no1053 21.07.20.jpg
2407,validation,no,no1152 21.07.23.jpg
2408,validation,no,no1258 21.07.26.jpg
2409,validation,no,no1140 21.07.22.jpg
2410,validation,no,no1115 21.07.22.jpg
2411,validation,no,no1229 21.07.25.jpg
2412,validation,no,no1112 21.07.22.jpg
2413,validation,no,no1007 21.07.19.jpg
2414,validation,no,no995 21.07.18.jpg
2415,validation,no,no1164 21.07.23.jpg
2416,validation,no,no1065 21.07.20.jpg
2417,validation,no,no1163 21.07.23.jpg
2418,validation,no,no992 21.07.18.jpg
2419,validation,no,no1062 21.07.20.jpg
2420,validation,no,no1107 21.07.21.jpg
2421,validation,no,no1124 21.07.22.jpg
2422,validation,no,no1100 21.07.21.jpg
2423,validation,no,no1123 21.07.22.jpg
2424,validation,no,no1088 21.07.21.jpg
2425,validation,no,no1077 21.07.21.jpg
2426,validation,no,no1218 21.07.24.jpg
2427,validation,no,no978 21.07.18.jpg
2428,validation,no,no1176 21.07.23.jpg
2429,validation,no,no987 21.07.18.jpg
2430,validation,no,no1015 21.07.19.jpg
2431,validation,no,no1040 21.07.19.jpg
2432,validation,no,no1070 21.07.20.jpg
2433,validation,no,no980 21.07.18.jpg
2434,validation,no,no1171 21.07.23.jpg
2435,validation,no,no1012 21.07.19.jpg
2436,validation,no,no1188 21.07.24.jpg
2437,validation,no,no1136 21.07.22.jpg
2438,validation,no,no1000 21.07.18.jpg
2439,validation,no,no1131 21.07.22.jpg
2440,validation,no,no1052 21.07.20.jpg
2441,validation,no,no1153 21.07.23.jpg
2442,validation,no,no1030 21.07.19.jpg
2443,validation,no,no1055 21.07.20.jpg
2444,validation,no,no1154 21.07.23.jpg
2445,validation,no,no1037 21.07.19.jpg
2446,validation,no,no1228 21.07.25.jpg
2447,validation,no,no1113 21.07.22.jpg
2448,validation,no,no1114 21.07.22.jpg
2449,validation,no,no1141 21.07.22.jpg
2450,validation,no,no1259 21.07.26.jpg
2451,validation,no,no1022 21.07.19.jpg
2452,validation,no,no1025 21.07.19.jpg
2453,validation,no,no1146 21.07.23.jpg
2454,validation,no,no1047 21.07.20.jpg
2455,validation,no,no1013 21.07.19.jpg
2456,validation,no,no1071 21.07.20.jpg
2457,validation,no,no1170 21.07.23.jpg
2458,validation,no,no981 21.07.18.jpg
2459,validation,no,no1014 21.07.19.jpg
2460,validation,no,no1219 21.07.24.jpg
2461,validation,no,no986 21.07.18.jpg
2462,validation,no,no1177 21.07.23.jpg
2463,validation,no,no979 21.07.18.jpg
2464,validation,no,no1006 21.07.18.jpg
2465,validation,no,no1130 21.07.22.jpg
2466,validation,no,no1001 21.07.18.jpg
2467,validation,no,no1137 21.07.22.jpg
2468,validation,no,no1189 21.07.24.jpg
2469,validation,no,no993 21.07.18.jpg
2470,validation,no,no1162 21.07.23.jpg
2471,validation,no,no1063 21.07.20.jpg
2472,validation,no,no1165 21.07.23.jpg
2473,validation,no,no994 21.07.18.jpg
2474,validation,no,no1064 21.07.20.jpg
2475,validation,no,no1122 21.07.22.jpg
2476,validation,no,no1076 21.07.21.jpg
2477,validation,no,no1089 21.07.21.jpg
2478,validation,no,no1101 21.07.21.jpg
2479,validation,no,no1125 21.07.22.jpg
2480,validation,no,no1106 21.07.21.jpg
2481,validation,no,no1143 21.07.22.jpg
2482,validation,no,no1116 21.07.22.jpg
2483,validation,no,no1144 21.07.22.jpg
2484,validation,no,no1111 21.07.22.jpg
2485,validation,no,no1035 21.07.19.jpg
2486,validation,no,no1057 21.07.20.jpg
2487,validation,no,no1156 21.07.23.jpg
2488,validation,no,no1032 21.07.19.jpg
2489,validation,no,no1050 21.07.20.jpg
2490,validation,no,no1151 21.07.23.jpg
2491,validation,no,no1238 21.07.25.jpg
2492,validation,no,no1045 21.07.20.jpg
2493,validation,no,no1027 21.07.19.jpg
2494,validation,no,no1042 21.07.20.jpg
2495,validation,no,no1020 21.07.19.jpg
2496,validation,no,no1135 21.07.22.jpg
2497,validation,no,no1003 21.07.18.jpg
2498,validation,no,no1099 21.07.21.jpg
2499,validation,no,no1132 21.07.22.jpg
2500,validation,no,no1004 21.07.18.jpg
2501,validation,no,no1074 21.07.20.jpg
2502,validation,no,no1175 21.07.23.jpg
2503,validation,no,no984 21.07.18.jpg
2504,validation,no,no1016 21.07.19.jpg
2505,validation,no,no1073 21.07.20.jpg
2506,validation,no,no983 21.07.18.jpg
2507,validation,no,no1172 21.07.23.jpg
2508,validation,no,no1011 21.07.19.jpg
2509,validation,no,no1104 21.07.21.jpg
2510,validation,no,no1199 21.07.24.jpg
2511,validation,no,no1127 21.07.22.jpg
2512,validation,no,no1249 21.07.25.jpg
2513,validation,no,no1103 21.07.21.jpg
2514,validation,no,no1120 21.07.22.jpg
2515,validation,no,no996 21.07.18.jpg
2516,validation,no,no1167 21.07.23.jpg
2517,validation,no,no969 21.07.18.jpg
2518,validation,no,no1066 21.07.20.jpg
2519,validation,no,no1209 21.07.24.jpg
2520,validation,no,no1160 21.07.23.jpg
2521,validation,no,no991 21.07.18.jpg
2522,validation,no,no1061 21.07.20.jpg
2523,validation,no,no1239 21.07.25.jpg
2524,validation,no,no1021 21.07.19.jpg
2525,validation,no,no1043 21.07.20.jpg
2526,validation,no,no1026 21.07.19.jpg
2527,validation,no,no1044 21.07.20.jpg
2528,validation,no,no1110 21.07.22.jpg
2529,validation,no,no1145 21.07.22.jpg
2530,validation,no,no1117 21.07.22.jpg
2531,validation,no,no1142 21.07.22.jpg
2532,validation,no,no1051 21.07.20.jpg
2533,validation,no,no1150 21.07.23.jpg
2534,validation,no,no1033 21.07.19.jpg
2535,validation,no,no1056 21.07.20.jpg
2536,validation,no,no1157 21.07.23.jpg
2537,validation,no,no1034 21.07.19.jpg
2538,validation,no,no1121 21.07.22.jpg
2539,validation,no,no1075 21.07.21.jpg
2540,validation,no,no1102 21.07.21.jpg
2541,validation,no,no1126 21.07.22.jpg
2542,validation,no,no1198 21.07.24.jpg
2543,validation,no,no1248 21.07.25.jpg
2544,validation,no,no1105 21.07.21.jpg
2545,validation,no,no990 21.07.18.jpg
2546,validation,no,no1161 21.07.23.jpg
2547,validation,no,no1060 21.07.20.jpg
2548,validation,no,no968 21.07.18.jpg
2549,validation,no,no1166 21.07.23.jpg
2550,validation,no,no997 21.07.18.jpg
2551,validation,no,no1208 21.07.24.jpg
2552,validation,no,no1067 21.07.20.jpg
2553,validation,no,no1005 21.07.18.jpg
2554,validation,no,no1098 21.07.21.jpg
2555,validation,no,no1133 21.07.22.jpg
2556,validation,no,no1002 21.07.18.jpg
2557,validation,no,no1134 21.07.22.jpg
2558,validation,no,no1010 21.07.19.jpg
2559,validation,no,no1072 21.07.20.jpg
2560,validation,no,no1173 21.07.23.jpg
2561,validation,no,no982 21.07.18.jpg
2562,validation,no,no1017 21.07.19.jpg
2563,validation,no,no985 21.07.18.jpg
2564,validation,no,no1174 21.07.23.jpg
2565,validation,no,no1250 21.07.25.jpg
2566,validation,no,no1095 21.07.21.jpg
2567,validation,no,no1139 21.07.22.jpg
2568,validation,no,no1187 21.07.24.jpg
2569,validation,no,no1092 21.07.21.jpg
2570,validation,no,no970 21.07.18.jpg
2571,validation,no,no1181 21.07.23.jpg
2572,validation,no,no1210 21.07.24.jpg
2573,validation,no,no988 21.07.18.jpg
2574,validation,no,no977 21.07.18.jpg
2575,validation,no,no1179 21.07.23.jpg
2576,validation,no,no1217 21.07.24.jpg
2577,validation,no,no1261 21.07.26.jpg
2578,validation,no,no967 21.07.17.jpg
2579,validation,no,no1242 21.07.25.jpg
2580,validation,no,no1078 21.07.21.jpg
2581,validation,no,no1087 21.07.21.jpg
2582,validation,no,no1192 21.07.24.jpg
2583,validation,no,no1108 21.07.21.jpg
2584,validation,no,no1245 21.07.25.jpg
2585,validation,no,no1080 21.07.21.jpg
2586,validation,no,no1195 21.07.24.jpg
2587,validation,no,no1202 21.07.24.jpg
2588,validation,no,no1008 21.07.19.jpg
2589,validation,no,no1205 21.07.24.jpg
2590,validation,no,no1226 21.07.25.jpg
2591,validation,no,no1257 21.07.26.jpg
2592,validation,no,no1221 21.07.25.jpg
2593,validation,no,no1039 21.07.19.jpg
2594,validation,no,no1234 21.07.25.jpg
2595,validation,no,no1233 21.07.25.jpg
2596,validation,no,no1049 21.07.20.jpg
2597,validation,no,no1148 21.07.23.jpg
2598,validation,no,no1081 21.07.21.jpg
2599,validation,no,no1244 21.07.25.jpg
2600,validation,no,no1194 21.07.24.jpg
2601,validation,no,no1109 21.07.21.jpg
2602,validation,no,no1086 21.07.21.jpg
2603,validation,no,no1079 21.07.21.jpg
2604,validation,no,no1243 21.07.25.jpg
2605,validation,no,no1193 21.07.24.jpg
2606,validation,no,no1260 21.07.26.jpg
2607,validation,no,no966 21.07.17.jpg
2608,validation,no,no1204 21.07.24.jpg
2609,validation,no,no1009 21.07.19.jpg
2610,validation,no,no1203 21.07.24.jpg
2611,validation,no,no1186 21.07.24.jpg
2612,validation,no,no1138 21.07.22.jpg
2613,validation,no,no1093 21.07.21.jpg
2614,validation,no,no1256 21.07.25.jpg
2615,validation,no,no1094 21.07.21.jpg
2616,validation,no,no1251 21.07.25.jpg
2617,validation,no,no1178 21.07.23.jpg
2618,validation,no,no976 21.07.18.jpg
2619,validation,no,no989 21.07.18.jpg
2620,validation,no,no1216 21.07.24.jpg
2621,validation,no,no1180 21.07.23.jpg
2622,validation,no,no971 21.07.18.jpg
2623,validation,no,no1211 21.07.24.jpg
2624,validation,no,no1232 21.07.25.jpg
2625,validation,no,no1235 21.07.25.jpg
2626,validation,no,no1048 21.07.20.jpg
2627,validation,no,no1149 21.07.23.jpg
2628,validation,no,no1220 21.07.24.jpg
2629,validation,no,no1227 21.07.25.jpg
2630,validation,no,no1038 21.07.19.jpg
2631,validation,yes,y435 21.06.00.jpg
2632,validation,yes,y432 21.06.00.jpg
2633,validation,yes,y1438 21.06.05.jpg
2634,validation,yes,y521 21.06.02.jpg
2635,validation,yes,y475 21.06.01.jpg
2636,validation,yes,y472 21.06.01.jpg
2637,validation,yes,y1348 21.06.03.jpg
2638,validation,yes,y1478 21.06.05.jpg
2639,validation,yes,y427 21.06.00.jpg
2640,validation,yes,y1480 21.06.05.jpg
2641,validation,yes,y420 21.06.00.jpg
2642,validation,yes,y498 21.06.01.jpg
2643,validation,yes,y467 21.06.01.jpg
2644,validation,yes,y460 21.06.01.jpg
2645,validation,yes,y1449 21.06.05.jpg
2646,validation,yes,y1386 21.06.03.jpg
2647,validation,yes,y1379 21.06.03.jpg
2648,validation,yes,y1495 21.06.06.jpg
2649,validation,yes,y416 21.06.00.jpg
2650,validation,yes,y1381 21.06.03.jpg
2651,validation,yes,y1492 21.06.06.jpg
2652,validation,yes,y1409 21.06.04.jpg
2653,validation,yes,y1339 21.06.02.jpg
2654,validation,yes,y502 21.06.02.jpg
2655,validation,yes,y456 21.06.01.jpg
2656,validation,yes,y505 21.06.02.jpg
2657,validation,yes,y451 21.06.01.jpg
2658,validation,yes,y1487 21.06.06.jpg
2659,validation,yes,y444 21.06.01.jpg
2660,validation,yes,y510 21.06.02.jpg
2661,validation,yes,y1395 21.06.04.jpg
2662,validation,yes,y443 21.06.01.jpg
2663,validation,yes,y517 21.06.02.jpg
2664,validation,yes,y1392 21.06.04.jpg
2665,validation,yes,y421 21.06.00.jpg
2666,validation,yes,y1481 21.06.05.jpg
2667,validation,yes,y426 21.06.00.jpg
2668,validation,yes,y1349 21.06.03.jpg
2669,validation,yes,y1479 21.06.05.jpg
2670,validation,yes,y461 21.06.01.jpg
2671,validation,yes,y466 21.06.01.jpg
2672,validation,yes,y499 21.06.01.jpg
2673,validation,yes,y1439 21.06.05.jpg
2674,validation,yes,y433 21.06.00.jpg
2675,validation,yes,y434 21.06.00.jpg
2676,validation,yes,y473 21.06.01.jpg
2677,validation,yes,y520 21.06.02.jpg
2678,validation,yes,y474 21.06.01.jpg
2679,validation,yes,y1486 21.06.06.jpg
2680,validation,yes,y1393 21.06.04.jpg
2681,validation,yes,y516 21.06.02.jpg
2682,validation,yes,y1394 21.06.04.jpg
2683,validation,yes,y445 21.06.01.jpg
2684,validation,yes,y511 21.06.02.jpg
2685,validation,yes,y1493 21.06.06.jpg
2686,validation,yes,y410 21.06.00.jpg
2687,validation,yes,y1380 21.06.03.jpg
2688,validation,yes,y1494 21.06.06.jpg
2689,validation,yes,y442 21.06.00.jpg
2690,validation,yes,y417 21.06.00.jpg
2691,validation,yes,y1448 21.06.05.jpg
2692,validation,yes,y1378 21.06.03.jpg
2693,validation,yes,y1387 21.06.03.jpg
2694,validation,yes,y504 21.06.02.jpg
2695,validation,yes,y450 21.06.01.jpg
2696,validation,yes,y503 21.06.02.jpg
2697,validation,yes,y457 21.06.01.jpg
2698,validation,yes,y1408 21.06.04.jpg
2699,validation,yes,y1338 21.06.02.jpg
2700,validation,yes,y1372 21.06.03.jpg
2701,validation,yes,y1442 21.06.05.jpg
2702,validation,yes,y1375 21.06.03.jpg
2703,validation,yes,y1445 21.06.05.jpg
2704,validation,yes,y1499 21.06.06.jpg
2705,validation,yes,y1332 21.06.02.jpg
2706,validation,yes,y1402 21.06.04.jpg
2707,validation,yes,y509 21.06.02.jpg
2708,validation,yes,y1335 21.06.02.jpg
2709,validation,yes,y1405 21.06.04.jpg
2710,validation,yes,y1450 21.06.05.jpg
2711,validation,yes,y1360 21.06.03.jpg
2712,validation,yes,y408 21.06.00.jpg
2713,validation,yes,y1457 21.06.05.jpg
2714,validation,yes,y1367 21.06.03.jpg
2715,validation,yes,y1410 21.06.04.jpg
2716,validation,yes,y1320 21.06.02.jpg
2717,validation,yes,y448 21.06.01.jpg
2718,validation,yes,y1417 21.06.04.jpg
2719,validation,yes,y1399 21.06.04.jpg
2720,validation,yes,y1327 21.06.02.jpg
2721,validation,yes,y1351 21.06.03.jpg
2722,validation,yes,y1461 21.06.05.jpg
2723,validation,yes,y439 21.06.00.jpg
2724,validation,yes,y1356 21.06.03.jpg
2725,validation,yes,y1466 21.06.05.jpg
2726,validation,yes,y481 21.06.01.jpg
2727,validation,yes,y1311 21.06.02.jpg
2728,validation,yes,y1421 21.06.04.jpg
2729,validation,yes,y486 21.06.01.jpg
2730,validation,yes,y479 21.06.01.jpg
2731,validation,yes,y1343 21.06.02.jpg
2732,validation,yes,y1316 21.06.02.jpg
2733,validation,yes,y1426 21.06.04.jpg
2734,validation,yes,y1473 21.06.05.jpg
2735,validation,yes,y1474 21.06.05.jpg
2736,validation,yes,y1344 21.06.03.jpg
2737,validation,yes,y1433 21.06.04.jpg
2738,validation,yes,y493 21.06.01.jpg
2739,validation,yes,y1434 21.06.04.jpg
2740,validation,yes,y494 21.06.01.jpg
2741,validation,yes,y1456 21.06.05.jpg
2742,validation,yes,y1366 21.06.03.jpg
2743,validation,yes,y409 21.06.00.jpg
2744,validation,yes,y1451 21.06.05.jpg
2745,validation,yes,y1361 21.06.03.jpg
2746,validation,yes,y1416 21.06.04.jpg
2747,validation,yes,y1326 21.06.02.jpg
2748,validation,yes,y1398 21.06.04.jpg
2749,validation,yes,y449 21.06.01.jpg
2750,validation,yes,y1411 21.06.04.jpg
2751,validation,yes,y1321 21.06.02.jpg
2752,validation,yes,y1498 21.06.06.jpg
2753,validation,yes,y1374 21.06.03.jpg
2754,validation,yes,y1444 21.06.05.jpg
2755,validation,yes,y1373 21.06.03.jpg
2756,validation,yes,y1443 21.06.05.jpg
2757,validation,yes,y1334 21.06.02.jpg
2758,validation,yes,y1404 21.06.04.jpg
2759,validation,yes,y508 21.06.02.jpg
2760,validation,yes,y1333 21.06.02.jpg
2761,validation,yes,y1403 21.06.04.jpg
2762,validation,yes,y1475 21.06.05.jpg
2763,validation,yes,y1345 21.06.03.jpg
2764,validation,yes,y1472 21.06.05.jpg
2765,validation,yes,y495 21.06.01.jpg
2766,validation,yes,y1435 21.06.04.jpg
2767,validation,yes,y492 21.06.01.jpg
2768,validation,yes,y1432 21.06.04.jpg
2769,validation,yes,y1357 21.06.03.jpg
2770,validation,yes,y1467 21.06.05.jpg
2771,validation,yes,y438 21.06.00.jpg
2772,validation,yes,y1350 21.06.03.jpg
2773,validation,yes,y1460 21.06.05.jpg
2774,validation,yes,y1317 21.06.02.jpg
2775,validation,yes,y1342 21.06.02.jpg
2776,validation,yes,y1427 21.06.04.jpg
2777,validation,yes,y478 21.06.01.jpg
2778,validation,yes,y487 21.06.01.jpg
2779,validation,yes,y1310 21.06.02.jpg
2780,validation,yes,y1420 21.06.04.jpg
2781,validation,yes,y480 21.06.01.jpg
2782,validation,yes,y518 21.06.02.jpg
2783,validation,yes,y1413 21.06.04.jpg
2784,validation,yes,y1323 21.06.02.jpg
2785,validation,yes,y1414 21.06.04.jpg
2786,validation,yes,y1324 21.06.02.jpg
2787,validation,yes,y1453 21.06.05.jpg
2788,validation,yes,y1363 21.06.03.jpg
2789,validation,yes,y1488 21.06.06.jpg
2790,validation,yes,y1454 21.06.05.jpg
2791,validation,yes,y1364 21.06.03.jpg
2792,validation,yes,y1331 21.06.02.jpg
2793,validation,yes,y1401 21.06.04.jpg
2794,validation,yes,y1336 21.06.02.jpg
2795,validation,yes,y1406 21.06.04.jpg
2796,validation,yes,y459 21.06.01.jpg
2797,validation,yes,y1371 21.06.03.jpg
2798,validation,yes,y1441 21.06.05.jpg
2799,validation,yes,y1376 21.06.03.jpg
2800,validation,yes,y1446 21.06.05.jpg
2801,validation,yes,y419 21.06.00.jpg
2802,validation,yes,y1430 21.06.04.jpg
2803,validation,yes,y490 21.06.01.jpg
2804,validation,yes,y468 21.06.01.jpg
2805,validation,yes,y497 21.06.01.jpg
2806,validation,yes,y1470 21.06.05.jpg
2807,validation,yes,y1477 21.06.05.jpg
2808,validation,yes,y1347 21.06.03.jpg
2809,validation,yes,y428 21.06.00.jpg
2810,validation,yes,y482 21.06.01.jpg
2811,validation,yes,y1422 21.06.04.jpg
2812,validation,yes,y485 21.06.01.jpg
2813,validation,yes,y1340 21.06.02.jpg
2814,validation,yes,y1425 21.06.04.jpg
2815,validation,yes,y1352 21.06.03.jpg
2816,validation,yes,y1462 21.06.05.jpg
2817,validation,yes,y1437 21.06.05.jpg
2818,validation,yes,y1355 21.06.03.jpg
2819,validation,yes,y1465 21.06.05.jpg
2820,validation,yes,y458 21.06.01.jpg
2821,validation,yes,y1337 21.06.02.jpg
2822,validation,yes,y1389 21.06.04.jpg
2823,validation,yes,y1407 21.06.04.jpg
2824,validation,yes,y1330 21.06.02.jpg
2825,validation,yes,y1400 21.06.04.jpg
2826,validation,yes,y418 21.06.00.jpg
2827,validation,yes,y1388 21.06.03.jpg
2828,validation,yes,y1377 21.06.03.jpg
2829,validation,yes,y1447 21.06.05.jpg
2830,validation,yes,y1370 21.06.03.jpg
2831,validation,yes,y1440 21.06.05.jpg
2832,validation,yes,y1415 21.06.04.jpg
2833,validation,yes,y1325 21.06.02.jpg
2834,validation,yes,y1412 21.06.04.jpg
2835,validation,yes,y1322 21.06.02.jpg
2836,validation,yes,y519 21.06.02.jpg
2837,validation,yes,y1455 21.06.05.jpg
2838,validation,yes,y1365 21.06.03.jpg
2839,validation,yes,y1489 21.06.06.jpg
2840,validation,yes,y1452 21.06.05.jpg
2841,validation,yes,y1362 21.06.03.jpg
2842,validation,yes,y1341 21.06.02.jpg
2843,validation,yes,y1424 21.06.04.jpg
2844,validation,yes,y484 21.06.01.jpg
2845,validation,yes,y1423 21.06.04.jpg
2846,validation,yes,y483 21.06.01.jpg
2847,validation,yes,y1354 21.06.03.jpg
2848,validation,yes,y1464 21.06.05.jpg
2849,validation,yes,y1353 21.06.03.jpg
2850,validation,yes,y1436 21.06.05.jpg
2851,validation,yes,y1463 21.06.05.jpg
2852,validation,yes,y496 21.06.01.jpg
2853,validation,yes,y469 21.06.01.jpg
2854,validation,yes,y491 21.06.01.jpg
2855,validation,yes,y1431 21.06.04.jpg
2856,validation,yes,y429 21.06.00.jpg
2857,validation,yes,y1476 21.06.05.jpg
2858,validation,yes,y1346 21.06.03.jpg
2859,validation,yes,y1471 21.06.05.jpg
2860,validation,yes,y464 21.06.01.jpg
2861,validation,yes,y463 21.06.01.jpg
2862,validation,yes,y424 21.06.00.jpg
2863,validation,yes,y423 21.06.00.jpg
2864,validation,yes,y476 21.06.01.jpg
2865,validation,yes,y489 21.06.01.jpg
2866,validation,yes,y1429 21.06.04.jpg
2867,validation,yes,y1319 21.06.02.jpg
2868,validation,yes,y471 21.06.01.jpg
2869,validation,yes,y436 21.06.00.jpg
2870,validation,yes,y1469 21.06.05.jpg
2871,validation,yes,y1359 21.06.03.jpg
2872,validation,yes,y431 21.06.00.jpg
2873,validation,yes,y447 21.06.01.jpg
2874,validation,yes,y513 21.06.02.jpg
2875,validation,yes,y1328 21.06.02.jpg
2876,validation,yes,y1396 21.06.04.jpg
2877,validation,yes,y1418 21.06.04.jpg
2878,validation,yes,y514 21.06.02.jpg
2879,validation,yes,y1391 21.06.04.jpg
2880,validation,yes,y407 21.06.00.jpg
2881,validation,yes,y1484 21.06.06.jpg
2882,validation,yes,y1368 21.06.03.jpg
2883,validation,yes,y1458 21.06.05.jpg
2884,validation,yes,y1483 21.06.06.jpg
2885,validation,yes,y501 21.06.02.jpg
2886,validation,yes,y455 21.06.01.jpg
2887,validation,yes,y506 21.06.02.jpg
2888,validation,yes,y452 21.06.01.jpg
2889,validation,yes,y1385 21.06.03.jpg
2890,validation,yes,y1496 21.06.06.jpg
2891,validation,yes,y415 21.06.00.jpg
2892,validation,yes,y440 21.06.00.jpg
2893,validation,yes,y1382 21.06.03.jpg
2894,validation,yes,y1491 21.06.06.jpg
2895,validation,yes,y412 21.06.00.jpg
2896,validation,yes,y470 21.06.01.jpg
2897,validation,yes,y1428 21.06.04.jpg
2898,validation,yes,y1318 21.06.02.jpg
2899,validation,yes,y488 21.06.01.jpg
2900,validation,yes,y477 21.06.01.jpg
2901,validation,yes,y430 21.06.00.jpg
2902,validation,yes,y1468 21.06.05.jpg
2903,validation,yes,y1358 21.06.03.jpg
2904,validation,yes,y437 21.06.00.jpg
2905,validation,yes,y462 21.06.01.jpg
2906,validation,yes,y465 21.06.01.jpg
2907,validation,yes,y422 21.06.00.jpg
2908,validation,yes,y1482 21.06.05.jpg
2909,validation,yes,y425 21.06.00.jpg
2910,validation,yes,y507 21.06.02.jpg
2911,validation,yes,y453 21.06.01.jpg
2912,validation,yes,y500 21.06.02.jpg
2913,validation,yes,y454 21.06.01.jpg
2914,validation,yes,y1490 21.06.06.jpg
2915,validation,yes,y413 21.06.00.jpg
2916,validation,yes,y1383 21.06.03.jpg
2917,validation,yes,y1497 21.06.06.jpg
2918,validation,yes,y441 21.06.00.jpg
2919,validation,yes,y414 21.06.00.jpg
2920,validation,yes,y1384 21.06.03.jpg
2921,validation,yes,y1390 21.06.04.jpg
2922,validation,yes,y515 21.06.02.jpg
2923,validation,yes,y1397 21.06.04.jpg
2924,validation,yes,y1329 21.06.02.jpg
2925,validation,yes,y1419 21.06.04.jpg
2926,validation,yes,y446 21.06.01.jpg
2927,validation,yes,y512 21.06.02.jpg
2928,validation,yes,y1369 21.06.03.jpg
2929,validation,yes,y1459 21.06.05.jpg
2930,validation,yes,y1485 21.06.06.jpg
2931,test,no,no 7.jpeg
2932,test,no,2 no.jpeg
2933,test,no,1 no.jpeg
2934,test,no,no 91.jpeg
2935,test,no,no 5.jpeg
2936,test,no,48 no.jpeg
2937,test,no,N20.JPG
2938,test,no,N22.JPG
2939,test,no,N26.JPG
2940,test,no,N19.JPG
2941,test,no,N1.JPG
2942,test,no,N2.JPG
2943,test,yes,Y157.JPG
2944,test,yes,Y47.JPG
2945,test,yes,Y85.JPG
2946,test,yes,Y195.JPG
2947,test,yes,Y156.JPG
2948,test,yes,Y50.JPG
2949,test,yes,Y44.JPG
2950,test,yes,Y45.JPG
2951,test,yes,Y86.JPG
2952,test,yes,Y182.JPG
2953,test,yes,Y155.JPG
2954,test,yes,Y192.JPG
2955,test,yes,Y40.JPG
2956,test,yes,Y97.JPG
2957,test,yes,Y193.JPG
2958,test,yes,Y146.JPG
2959,test,yes,Y184.JPG
2960,test,yes,Y147.JPG
2961,test,yes,Y120.JPG
2962,test,yes,Y18.JPG
2963,test,yes,Y19.JPG
2964,test,yes,Y109.JPG
2965,test,yes,Y36.JPG
2966,test,yes,Y23.JPG
2967,test,yes,Y115.JPG
2968,test,yes,Y100.JPG
2969,test,yes,Y114.JPG
2970,test,yes,Y116.JPG
2971,test,yes,Y117.JPG
2972,test,yes,Y113.JPG
2973,test,yes,Y16.JPG
2974,test,yes,Y112.JPG
2975,test,yes,Y111.JPG
2976,test,yes,Y99.JPG
2977,test,yes,Y66.JPG
2978,test,yes,Y67.JPG
2979,test,yes,Y98.JPG
2980,test,yes,Y163.JPG
2981,test,yes,Y161.JPG
2982,test,yes,Y59.JPG
2983,test,yes,Y71.JPG
2984,test,yes,Y65.JPG
2985,test,yes,Y58.JPG
2986,test,yes,Y160.JPG
2987,test,yes,Y148.JPG
2988,test,yes,Y164.JPG
2989,test,yes,Y170.JPG
2990,test,yes,Y158.JPG
2991,test,yes,Y49.JPG
2992,test,yes,Y75.JPG
2993,test,yes,Y159.JPG
2994,test,yes,Y165.JPG
2995,test,yes,Y167.JPG
2996,test,yes,Y89.JPG
2997,test,yes,Y166.JPG
2998,test,no,no 9.png
2999,test,yes,Y92.png
